,fold_id,model_name,set,accuracy,precision,recall,f1
0,0,GaussianNB,train,0.9236947791164659,0.9017857142857143,0.926605504587156,0.9140271493212669
1,0,GaussianNB,test,0.912,0.8571428571428571,0.9130434782608695,0.8842105263157894
2,1,GaussianNB,train,0.9236947791164659,0.8921568627450981,0.9191919191919192,0.9054726368159205
3,1,GaussianNB,test,0.904,0.8928571428571429,0.8928571428571429,0.8928571428571429
4,2,GaussianNB,train,0.912,0.8773584905660378,0.9117647058823529,0.8942307692307693
5,2,GaussianNB,test,0.9354838709677419,0.9090909090909091,0.9433962264150944,0.9259259259259259
6,3,GaussianNB,train,0.9156626506024096,0.8932038834951457,0.9019607843137255,0.8975609756097561
7,3,GaussianNB,test,0.928,0.8793103448275862,0.9622641509433962,0.9189189189189189
8,4,GaussianNB,train,0.9156626506024096,0.8796296296296297,0.9223300970873787,0.9004739336492891
9,4,GaussianNB,test,0.928,0.9056603773584906,0.9230769230769231,0.9142857142857143
10,5,GaussianNB,train,0.928,0.8918918918918919,0.9428571428571428,0.9166666666666667
11,5,GaussianNB,test,0.9032258064516129,0.88,0.88,0.88
12,6,GaussianNB,train,0.927710843373494,0.9134615384615384,0.9134615384615384,0.9134615384615384
13,6,GaussianNB,test,0.904,0.8421052631578947,0.9411764705882353,0.8888888888888888
14,7,GaussianNB,train,0.9116465863453815,0.8598130841121495,0.9292929292929293,0.8932038834951457
15,7,GaussianNB,test,0.936,0.9444444444444444,0.9107142857142857,0.9272727272727271
16,8,GaussianNB,train,0.916,0.8909090909090909,0.9158878504672897,0.9032258064516129
17,8,GaussianNB,test,0.9112903225806451,0.8775510204081632,0.8958333333333334,0.8865979381443299
18,9,GaussianNB,train,0.9236947791164659,0.8962264150943396,0.9223300970873787,0.9090909090909091
19,9,GaussianNB,test,0.912,0.8727272727272727,0.9230769230769231,0.897196261682243
20,10,GaussianNB,train,0.9036144578313253,0.8571428571428571,0.9090909090909091,0.8823529411764706
21,10,GaussianNB,test,0.936,0.9444444444444444,0.9107142857142857,0.9272727272727271
22,11,GaussianNB,train,0.924,0.908256880733945,0.9166666666666666,0.912442396313364
23,11,GaussianNB,test,0.9112903225806451,0.8461538461538461,0.9361702127659575,0.8888888888888888
24,12,GaussianNB,train,0.9116465863453815,0.8557692307692307,0.9270833333333334,0.8899999999999999
25,12,GaussianNB,test,0.92,0.9454545454545454,0.8813559322033898,0.9122807017543859
26,13,GaussianNB,train,0.9116465863453815,0.8981481481481481,0.8981481481481481,0.8981481481481481
27,13,GaussianNB,test,0.936,0.8679245283018868,0.9787234042553191,0.9199999999999999
28,14,GaussianNB,train,0.932,0.908256880733945,0.9339622641509434,0.9209302325581395
29,14,GaussianNB,test,0.8951612903225806,0.8461538461538461,0.8979591836734694,0.8712871287128713
30,15,GaussianNB,train,0.9196787148594378,0.8921568627450981,0.91,0.900990099009901
31,15,GaussianNB,test,0.92,0.8813559322033898,0.9454545454545454,0.9122807017543859
32,16,GaussianNB,train,0.9196787148594378,0.8818181818181818,0.9326923076923077,0.9065420560747663
33,16,GaussianNB,test,0.92,0.9019607843137255,0.9019607843137255,0.9019607843137255
34,17,GaussianNB,train,0.924,0.8990825688073395,0.9245283018867925,0.9116279069767442
35,17,GaussianNB,test,0.9193548387096774,0.8823529411764706,0.9183673469387755,0.9
36,18,GaussianNB,train,0.9076305220883534,0.8813559322033898,0.9203539823008849,0.9004329004329005
37,18,GaussianNB,test,0.944,0.9069767441860465,0.9285714285714286,0.9176470588235294
38,19,GaussianNB,train,0.9236947791164659,0.8952380952380953,0.9215686274509803,0.9082125603864734
39,19,GaussianNB,test,0.912,0.875,0.9245283018867925,0.8990825688073395
40,20,GaussianNB,train,0.928,0.8888888888888888,0.9263157894736842,0.9072164948453608
41,20,GaussianNB,test,0.9032258064516129,0.8870967741935484,0.9166666666666666,0.9016393442622951
42,21,GaussianNB,train,0.9156626506024096,0.8785046728971962,0.9215686274509803,0.8995215311004785
43,21,GaussianNB,test,0.928,0.9074074074074074,0.9245283018867925,0.9158878504672898
44,22,GaussianNB,train,0.9196787148594378,0.8899082568807339,0.9238095238095239,0.9065420560747663
45,22,GaussianNB,test,0.904,0.88,0.88,0.88
46,23,GaussianNB,train,0.92,0.8952380952380953,0.912621359223301,0.903846153846154
47,23,GaussianNB,test,0.9193548387096774,0.875,0.9423076923076923,0.9074074074074073
48,24,GaussianNB,train,0.9036144578313253,0.8666666666666667,0.900990099009901,0.8834951456310681
49,24,GaussianNB,test,0.952,0.9285714285714286,0.9629629629629629,0.9454545454545454
50,25,GaussianNB,train,0.9236947791164659,0.8846153846153846,0.9292929292929293,0.9064039408866995
51,25,GaussianNB,test,0.912,0.8947368421052632,0.9107142857142857,0.9026548672566371
52,26,GaussianNB,train,0.932,0.911504424778761,0.9363636363636364,0.9237668161434978
53,26,GaussianNB,test,0.8951612903225806,0.8333333333333334,0.8888888888888888,0.8602150537634408
54,27,GaussianNB,train,0.9317269076305221,0.8981481481481481,0.941747572815534,0.9194312796208531
55,27,GaussianNB,test,0.864,0.8571428571428571,0.8076923076923077,0.8316831683168318
56,28,GaussianNB,train,0.9076305220883534,0.89,0.8811881188118812,0.8855721393034827
57,28,GaussianNB,test,0.944,0.8852459016393442,1.0,0.9391304347826086
58,29,GaussianNB,train,0.912,0.875,0.9245283018867925,0.8990825688073395
59,29,GaussianNB,test,0.9354838709677419,0.9183673469387755,0.9183673469387755,0.9183673469387755
60,30,GaussianNB,train,0.9196787148594378,0.8771929824561403,0.9433962264150944,0.9090909090909091
61,30,GaussianNB,test,0.888,0.9069767441860465,0.7959183673469388,0.8478260869565216
62,31,GaussianNB,train,0.8995983935742972,0.8666666666666667,0.8921568627450981,0.8792270531400966
63,31,GaussianNB,test,0.96,0.9285714285714286,0.9811320754716981,0.9541284403669724
64,32,GaussianNB,train,0.932,0.9207920792079208,0.9117647058823529,0.9162561576354681
65,32,GaussianNB,test,0.8951612903225806,0.8333333333333334,0.9433962264150944,0.8849557522123894
66,33,GaussianNB,train,0.9076305220883534,0.875,0.9158878504672897,0.8949771689497716
67,33,GaussianNB,test,0.944,0.9183673469387755,0.9375,0.9278350515463918
68,34,GaussianNB,train,0.9196787148594378,0.8918918918918919,0.9252336448598131,0.908256880733945
69,34,GaussianNB,test,0.92,0.88,0.9166666666666666,0.8979591836734694
70,35,GaussianNB,train,0.932,0.898989898989899,0.9270833333333334,0.9128205128205129
71,35,GaussianNB,test,0.8951612903225806,0.8709677419354839,0.9152542372881356,0.8925619834710744
72,36,GaussianNB,train,0.9156626506024096,0.9029126213592233,0.8942307692307693,0.8985507246376813
73,36,GaussianNB,test,0.928,0.8620689655172413,0.9803921568627451,0.9174311926605505
74,37,GaussianNB,train,0.9236947791164659,0.8727272727272727,0.9504950495049505,0.909952606635071
75,37,GaussianNB,test,0.904,0.9375,0.8333333333333334,0.8823529411764706
76,38,GaussianNB,train,0.916,0.8888888888888888,0.9142857142857143,0.9014084507042254
77,38,GaussianNB,test,0.9274193548387096,0.8867924528301887,0.94,0.912621359223301
78,39,GaussianNB,train,0.9076305220883534,0.8557692307692307,0.9175257731958762,0.8855721393034824
79,39,GaussianNB,test,0.944,0.9473684210526315,0.9310344827586207,0.9391304347826087
80,40,GaussianNB,train,0.9236947791164659,0.9009009009009009,0.9259259259259259,0.91324200913242
81,40,GaussianNB,test,0.912,0.86,0.9148936170212766,0.8865979381443299
82,41,GaussianNB,train,0.928,0.9065420560747663,0.9238095238095239,0.9150943396226416
83,41,GaussianNB,test,0.9032258064516129,0.8518518518518519,0.92,0.8846153846153846
84,42,GaussianNB,train,0.9036144578313253,0.8715596330275229,0.9047619047619048,0.8878504672897196
85,42,GaussianNB,test,0.952,0.9230769230769231,0.96,0.9411764705882353
86,43,GaussianNB,train,0.9397590361445783,0.9047619047619048,0.95,0.9268292682926829
87,43,GaussianNB,test,0.88,0.8571428571428571,0.8727272727272727,0.8648648648648648
88,44,GaussianNB,train,0.916,0.8888888888888888,0.9142857142857143,0.9014084507042254
89,44,GaussianNB,test,0.9274193548387096,0.8867924528301887,0.94,0.912621359223301
90,45,GaussianNB,train,0.9076305220883534,0.8888888888888888,0.897196261682243,0.8930232558139535
91,45,GaussianNB,test,0.944,0.8867924528301887,0.9791666666666666,0.9306930693069307
92,46,GaussianNB,train,0.9116465863453815,0.8796296296296297,0.9134615384615384,0.8962264150943395
93,46,GaussianNB,test,0.936,0.9056603773584906,0.9411764705882353,0.923076923076923
94,47,GaussianNB,train,0.936,0.8952380952380953,0.9494949494949495,0.9215686274509803
95,47,GaussianNB,test,0.8709677419354839,0.8703703703703703,0.8392857142857143,0.8545454545454546
96,48,GaussianNB,train,0.9156626506024096,0.8818181818181818,0.9238095238095239,0.9023255813953489
97,48,GaussianNB,test,0.912,0.8979591836734694,0.88,0.888888888888889
98,49,GaussianNB,train,0.9437751004016064,0.9306930693069307,0.9306930693069307,0.9306930693069307
99,49,GaussianNB,test,0.872,0.8166666666666667,0.9074074074074074,0.8596491228070176
100,50,GaussianNB,train,0.896,0.8545454545454545,0.9038461538461539,0.8785046728971962
101,50,GaussianNB,test,0.967741935483871,0.9607843137254902,0.9607843137254902,0.9607843137254902
102,51,GaussianNB,train,0.9076305220883534,0.8796296296296297,0.9047619047619048,0.892018779342723
103,51,GaussianNB,test,0.944,0.9056603773584906,0.96,0.9320388349514563
104,52,GaussianNB,train,0.927710843373494,0.8942307692307693,0.93,0.911764705882353
105,52,GaussianNB,test,0.88,0.8846153846153846,0.8363636363636363,0.8598130841121494
106,53,GaussianNB,train,0.92,0.897196261682243,0.9142857142857143,0.9056603773584906
107,53,GaussianNB,test,0.9193548387096774,0.8703703703703703,0.94,0.9038461538461539
108,54,GaussianNB,train,0.9116465863453815,0.8878504672897196,0.9047619047619048,0.8962264150943396
109,54,GaussianNB,test,0.936,0.8888888888888888,0.96,0.923076923076923
110,55,GaussianNB,train,0.9437751004016064,0.9158878504672897,0.9514563106796117,0.9333333333333335
111,55,GaussianNB,test,0.872,0.8333333333333334,0.8653846153846154,0.8490566037735849
112,56,GaussianNB,train,0.904,0.8611111111111112,0.9117647058823529,0.8857142857142858
113,56,GaussianNB,test,0.9516129032258065,0.9433962264150944,0.9433962264150944,0.9433962264150944
114,57,GaussianNB,train,0.8995983935742972,0.8627450980392157,0.8888888888888888,0.8756218905472637
115,57,GaussianNB,test,0.944,0.9298245614035088,0.9464285714285714,0.9380530973451328
116,58,GaussianNB,train,0.9397590361445783,0.9181818181818182,0.9439252336448598,0.9308755760368663
117,58,GaussianNB,test,0.88,0.8235294117647058,0.875,0.8484848484848485
118,59,GaussianNB,train,0.92,0.8818181818181818,0.9326923076923077,0.9065420560747663
119,59,GaussianNB,test,0.9193548387096774,0.9019607843137255,0.9019607843137255,0.9019607843137255
120,60,GaussianNB,train,0.927710843373494,0.897196261682243,0.9320388349514563,0.9142857142857143
121,60,GaussianNB,test,0.888,0.8653846153846154,0.8653846153846154,0.8653846153846154
122,61,GaussianNB,train,0.9116465863453815,0.87,0.90625,0.8877551020408163
123,61,GaussianNB,test,0.936,0.9180327868852459,0.9491525423728814,0.9333333333333333
124,62,GaussianNB,train,0.916,0.8947368421052632,0.918918918918919,0.9066666666666667
125,62,GaussianNB,test,0.9274193548387096,0.8723404255319149,0.9318181818181818,0.9010989010989012
126,63,GaussianNB,train,0.9076305220883534,0.8640776699029126,0.9081632653061225,0.8855721393034826
127,63,GaussianNB,test,0.928,0.9285714285714286,0.9122807017543859,0.9203539823008849
128,64,GaussianNB,train,0.9236947791164659,0.9019607843137255,0.9108910891089109,0.9064039408866996
129,64,GaussianNB,test,0.912,0.864406779661017,0.9444444444444444,0.9026548672566371
130,65,GaussianNB,train,0.924,0.896551724137931,0.9369369369369369,0.9162995594713657
131,65,GaussianNB,test,0.9112903225806451,0.8666666666666667,0.8863636363636364,0.8764044943820225
132,66,GaussianNB,train,0.927710843373494,0.8928571428571429,0.9433962264150944,0.9174311926605505
133,66,GaussianNB,test,0.904,0.8775510204081632,0.8775510204081632,0.8775510204081631
134,67,GaussianNB,train,0.9156626506024096,0.8969072164948454,0.8877551020408163,0.8923076923076922
135,67,GaussianNB,test,0.928,0.875,0.9824561403508771,0.9256198347107438
136,68,GaussianNB,train,0.916,0.8761061946902655,0.9339622641509434,0.904109589041096
137,68,GaussianNB,test,0.9112903225806451,0.9130434782608695,0.8571428571428571,0.8842105263157894
138,69,GaussianNB,train,0.9357429718875502,0.9230769230769231,0.9230769230769231,0.9230769230769231
139,69,GaussianNB,test,0.888,0.8245614035087719,0.9215686274509803,0.8703703703703703
140,70,GaussianNB,train,0.9196787148594378,0.8867924528301887,0.9215686274509803,0.9038461538461539
141,70,GaussianNB,test,0.92,0.8909090909090909,0.9245283018867925,0.9074074074074073
142,71,GaussianNB,train,0.896,0.8545454545454545,0.9038461538461539,0.8785046728971962
143,71,GaussianNB,test,0.9516129032258065,0.9591836734693877,0.9215686274509803,0.9400000000000001
144,72,GaussianNB,train,0.9116465863453815,0.8839285714285714,0.9166666666666666,0.8999999999999999
145,72,GaussianNB,test,0.944,0.9166666666666666,0.9361702127659575,0.9263157894736843
146,73,GaussianNB,train,0.9357429718875502,0.9029126213592233,0.9393939393939394,0.9207920792079209
147,73,GaussianNB,test,0.888,0.8620689655172413,0.8928571428571429,0.8771929824561403
148,74,GaussianNB,train,0.916,0.8867924528301887,0.912621359223301,0.8995215311004785
149,74,GaussianNB,test,0.9274193548387096,0.8909090909090909,0.9423076923076923,0.9158878504672897
150,75,GaussianNB,train,0.927710843373494,0.9,0.9183673469387755,0.9090909090909091
151,75,GaussianNB,test,0.904,0.8688524590163934,0.9298245614035088,0.8983050847457625
152,76,GaussianNB,train,0.9156626506024096,0.8807339449541285,0.9230769230769231,0.9014084507042254
153,76,GaussianNB,test,0.928,0.9038461538461539,0.9215686274509803,0.9126213592233009
154,77,GaussianNB,train,0.912,0.8839285714285714,0.9166666666666666,0.8999999999999999
155,77,GaussianNB,test,0.9193548387096774,0.8936170212765957,0.8936170212765957,0.8936170212765957
156,78,GaussianNB,train,0.927710843373494,0.8938053097345132,0.9439252336448598,0.9181818181818181
157,78,GaussianNB,test,0.904,0.875,0.875,0.875
158,79,GaussianNB,train,0.9317269076305221,0.9207920792079208,0.9117647058823529,0.9162561576354681
159,79,GaussianNB,test,0.896,0.8333333333333334,0.9433962264150944,0.8849557522123894
160,80,GaussianNB,train,0.908,0.8679245283018868,0.9108910891089109,0.8888888888888888
161,80,GaussianNB,test,0.967741935483871,0.9807692307692307,0.9444444444444444,0.9622641509433962
162,81,GaussianNB,train,0.9036144578313253,0.8666666666666667,0.900990099009901,0.8834951456310681
163,81,GaussianNB,test,0.952,0.9285714285714286,0.9629629629629629,0.9454545454545454
164,82,GaussianNB,train,0.9317269076305221,0.9090909090909091,0.9345794392523364,0.9216589861751152
165,82,GaussianNB,test,0.896,0.8431372549019608,0.8958333333333334,0.8686868686868686
166,83,GaussianNB,train,0.924,0.8878504672897196,0.9313725490196079,0.9090909090909091
167,83,GaussianNB,test,0.9112903225806451,0.8888888888888888,0.9056603773584906,0.897196261682243
168,84,GaussianNB,train,0.9236947791164659,0.897196261682243,0.9230769230769231,0.9099526066350712
169,84,GaussianNB,test,0.896,0.8653846153846154,0.8823529411764706,0.8737864077669903
170,85,GaussianNB,train,0.9076305220883534,0.8909090909090909,0.8990825688073395,0.8949771689497716
171,85,GaussianNB,test,0.944,0.8823529411764706,0.9782608695652174,0.9278350515463919
172,86,GaussianNB,train,0.92,0.8737864077669902,0.9278350515463918,0.9
173,86,GaussianNB,test,0.9032258064516129,0.9107142857142857,0.8793103448275862,0.8947368421052632
174,87,GaussianNB,train,0.8955823293172691,0.8611111111111112,0.8942307692307693,0.8773584905660378
175,87,GaussianNB,test,0.968,0.9433962264150944,0.9803921568627451,0.9615384615384616
176,88,GaussianNB,train,0.927710843373494,0.9065420560747663,0.9238095238095239,0.9150943396226416
177,88,GaussianNB,test,0.904,0.8518518518518519,0.92,0.8846153846153846
178,89,GaussianNB,train,0.932,0.8962264150943396,0.9405940594059405,0.9178743961352657
179,89,GaussianNB,test,0.8790322580645161,0.8679245283018868,0.8518518518518519,0.8598130841121496
180,90,GaussianNB,train,0.9317269076305221,0.8909090909090909,0.9514563106796117,0.9201877934272301
181,90,GaussianNB,test,0.896,0.8823529411764706,0.8653846153846154,0.8737864077669903
182,91,GaussianNB,train,0.9076305220883534,0.875,0.900990099009901,0.8878048780487806
183,91,GaussianNB,test,0.944,0.9122807017543859,0.9629629629629629,0.9369369369369369
184,92,GaussianNB,train,0.92,0.8981481481481481,0.9150943396226415,0.9065420560747663
185,92,GaussianNB,test,0.9193548387096774,0.8679245283018868,0.9387755102040817,0.9019607843137256
186,93,GaussianNB,train,0.9116465863453815,0.8691588785046729,0.9207920792079208,0.8942307692307692
187,93,GaussianNB,test,0.936,0.9259259259259259,0.9259259259259259,0.9259259259259259
188,94,GaussianNB,train,0.9236947791164659,0.8910891089108911,0.9183673469387755,0.9045226130653267
189,94,GaussianNB,test,0.912,0.8833333333333333,0.9298245614035088,0.905982905982906
190,95,GaussianNB,train,0.924,0.9035087719298246,0.9279279279279279,0.9155555555555556
191,95,GaussianNB,test,0.9112903225806451,0.851063829787234,0.9090909090909091,0.8791208791208791
192,96,GaussianNB,train,0.9236947791164659,0.9174311926605505,0.9090909090909091,0.9132420091324202
193,96,GaussianNB,test,0.912,0.8269230769230769,0.9555555555555556,0.88659793814433
194,97,GaussianNB,train,0.9076305220883534,0.8514851485148515,0.9148936170212766,0.8820512820512821
195,97,GaussianNB,test,0.928,0.9482758620689655,0.9016393442622951,0.9243697478991596
196,98,GaussianNB,train,0.928,0.8928571428571429,0.9433962264150944,0.9174311926605505
197,98,GaussianNB,test,0.9032258064516129,0.8775510204081632,0.8775510204081632,0.8775510204081631
198,99,GaussianNB,train,0.8995983935742972,0.8518518518518519,0.9108910891089109,0.8803827751196173
199,99,GaussianNB,test,0.96,0.9622641509433962,0.9444444444444444,0.9532710280373832
200,100,GaussianNB,train,0.9317269076305221,0.897196261682243,0.9411764705882353,0.9186602870813397
201,100,GaussianNB,test,0.896,0.8703703703703703,0.8867924528301887,0.8785046728971964
202,101,GaussianNB,train,0.924,0.9150943396226415,0.9065420560747663,0.9107981220657277
203,101,GaussianNB,test,0.8951612903225806,0.8301886792452831,0.9166666666666666,0.8712871287128713
204,0,bestMLP,train,0.9236947791164659,0.9017857142857143,0.926605504587156,0.9140271493212669
205,0,bestMLP,test,0.904,0.84,0.9130434782608695,0.8749999999999999
206,1,bestMLP,train,0.9236947791164659,0.8921568627450981,0.9191919191919192,0.9054726368159205
207,1,bestMLP,test,0.912,0.8947368421052632,0.9107142857142857,0.9026548672566371
208,2,bestMLP,train,0.912,0.8773584905660378,0.9117647058823529,0.8942307692307693
209,2,bestMLP,test,0.9354838709677419,0.9090909090909091,0.9433962264150944,0.9259259259259259
210,3,bestMLP,train,0.9116465863453815,0.8846153846153846,0.9019607843137255,0.8932038834951457
211,3,bestMLP,test,0.928,0.8793103448275862,0.9622641509433962,0.9189189189189189
212,4,bestMLP,train,0.9156626506024096,0.8867924528301887,0.912621359223301,0.8995215311004785
213,4,bestMLP,test,0.928,0.9056603773584906,0.9230769230769231,0.9142857142857143
214,5,bestMLP,train,0.932,0.9,0.9428571428571428,0.9209302325581394
215,5,bestMLP,test,0.9032258064516129,0.88,0.88,0.88
216,6,bestMLP,train,0.9196787148594378,0.8962264150943396,0.9134615384615384,0.9047619047619048
217,6,bestMLP,test,0.912,0.8571428571428571,0.9411764705882353,0.897196261682243
218,7,bestMLP,train,0.9156626506024096,0.8679245283018868,0.9292929292929293,0.8975609756097561
219,7,bestMLP,test,0.928,0.9433962264150944,0.8928571428571429,0.9174311926605505
220,8,bestMLP,train,0.924,0.9,0.9252336448598131,0.9124423963133641
221,8,bestMLP,test,0.9193548387096774,0.88,0.9166666666666666,0.8979591836734694
222,9,bestMLP,train,0.927710843373494,0.9047619047619048,0.9223300970873787,0.9134615384615385
223,9,bestMLP,test,0.904,0.8571428571428571,0.9230769230769231,0.888888888888889
224,10,bestMLP,train,0.9116465863453815,0.8666666666666667,0.9191919191919192,0.8921568627450981
225,10,bestMLP,test,0.936,0.9444444444444444,0.9107142857142857,0.9272727272727271
226,11,bestMLP,train,0.92,0.9,0.9166666666666666,0.908256880733945
227,11,bestMLP,test,0.9032258064516129,0.8301886792452831,0.9361702127659575,0.88
228,12,bestMLP,train,0.9196787148594378,0.8653846153846154,0.9375,0.9
229,12,bestMLP,test,0.928,0.9464285714285714,0.8983050847457628,0.9217391304347826
230,13,bestMLP,train,0.9076305220883534,0.8899082568807339,0.8981481481481481,0.8940092165898618
231,13,bestMLP,test,0.928,0.8518518518518519,0.9787234042553191,0.9108910891089108
232,14,bestMLP,train,0.924,0.8918918918918919,0.9339622641509434,0.9124423963133641
233,14,bestMLP,test,0.9032258064516129,0.8627450980392157,0.8979591836734694,0.8799999999999999
234,15,bestMLP,train,0.9196787148594378,0.8921568627450981,0.91,0.900990099009901
235,15,bestMLP,test,0.92,0.8813559322033898,0.9454545454545454,0.9122807017543859
236,16,bestMLP,train,0.9196787148594378,0.8818181818181818,0.9326923076923077,0.9065420560747663
237,16,bestMLP,test,0.92,0.9019607843137255,0.9019607843137255,0.9019607843137255
238,17,bestMLP,train,0.92,0.8909090909090909,0.9245283018867925,0.9074074074074073
239,17,bestMLP,test,0.9032258064516129,0.8627450980392157,0.8979591836734694,0.8799999999999999
240,18,bestMLP,train,0.9076305220883534,0.8813559322033898,0.9203539823008849,0.9004329004329005
241,18,bestMLP,test,0.936,0.8863636363636364,0.9285714285714286,0.9069767441860465
242,19,bestMLP,train,0.9236947791164659,0.8952380952380953,0.9215686274509803,0.9082125603864734
243,19,bestMLP,test,0.92,0.8909090909090909,0.9245283018867925,0.9074074074074073
244,20,bestMLP,train,0.932,0.8979591836734694,0.9263157894736842,0.911917098445596
245,20,bestMLP,test,0.8951612903225806,0.8852459016393442,0.9,0.8925619834710743
246,21,bestMLP,train,0.9196787148594378,0.8867924528301887,0.9215686274509803,0.9038461538461539
247,21,bestMLP,test,0.928,0.9074074074074074,0.9245283018867925,0.9158878504672898
248,22,bestMLP,train,0.9196787148594378,0.8899082568807339,0.9238095238095239,0.9065420560747663
249,22,bestMLP,test,0.92,0.9,0.9,0.9
250,23,bestMLP,train,0.924,0.9038461538461539,0.912621359223301,0.9082125603864736
251,23,bestMLP,test,0.9193548387096774,0.875,0.9423076923076923,0.9074074074074073
252,24,bestMLP,train,0.9076305220883534,0.875,0.900990099009901,0.8878048780487806
253,24,bestMLP,test,0.952,0.9285714285714286,0.9629629629629629,0.9454545454545454
254,25,bestMLP,train,0.927710843373494,0.8932038834951457,0.9292929292929293,0.9108910891089108
255,25,bestMLP,test,0.912,0.8947368421052632,0.9107142857142857,0.9026548672566371
256,26,bestMLP,train,0.928,0.9035087719298246,0.9363636363636364,0.9196428571428572
257,26,bestMLP,test,0.8951612903225806,0.8333333333333334,0.8888888888888888,0.8602150537634408
258,27,bestMLP,train,0.9437751004016064,0.908256880733945,0.9611650485436893,0.9339622641509433
259,27,bestMLP,test,0.88,0.8627450980392157,0.8461538461538461,0.854368932038835
260,28,bestMLP,train,0.9076305220883534,0.89,0.8811881188118812,0.8855721393034827
261,28,bestMLP,test,0.936,0.8709677419354839,1.0,0.9310344827586207
262,29,bestMLP,train,0.916,0.8828828828828829,0.9245283018867925,0.903225806451613
263,29,bestMLP,test,0.9354838709677419,0.9183673469387755,0.9183673469387755,0.9183673469387755
264,30,bestMLP,train,0.9196787148594378,0.8771929824561403,0.9433962264150944,0.9090909090909091
265,30,bestMLP,test,0.912,0.9318181818181818,0.8367346938775511,0.8817204301075268
266,31,bestMLP,train,0.8995983935742972,0.8666666666666667,0.8921568627450981,0.8792270531400966
267,31,bestMLP,test,0.952,0.9122807017543859,0.9811320754716981,0.9454545454545454
268,32,bestMLP,train,0.928,0.9117647058823529,0.9117647058823529,0.9117647058823528
269,32,bestMLP,test,0.8951612903225806,0.8333333333333334,0.9433962264150944,0.8849557522123894
270,33,bestMLP,train,0.9116465863453815,0.8828828828828829,0.9158878504672897,0.8990825688073394
271,33,bestMLP,test,0.944,0.9183673469387755,0.9375,0.9278350515463918
272,34,bestMLP,train,0.9196787148594378,0.8918918918918919,0.9252336448598131,0.908256880733945
273,34,bestMLP,test,0.912,0.8627450980392157,0.9166666666666666,0.888888888888889
274,35,bestMLP,train,0.932,0.898989898989899,0.9270833333333334,0.9128205128205129
275,35,bestMLP,test,0.9032258064516129,0.8852459016393442,0.9152542372881356,0.9
276,36,bestMLP,train,0.9156626506024096,0.9029126213592233,0.8942307692307693,0.8985507246376813
277,36,bestMLP,test,0.92,0.847457627118644,0.9803921568627451,0.909090909090909
278,37,bestMLP,train,0.9357429718875502,0.9047619047619048,0.9405940594059405,0.9223300970873787
279,37,bestMLP,test,0.896,0.9361702127659575,0.8148148148148148,0.8712871287128713
280,38,bestMLP,train,0.916,0.8888888888888888,0.9142857142857143,0.9014084507042254
281,38,bestMLP,test,0.9274193548387096,0.8867924528301887,0.94,0.912621359223301
282,39,bestMLP,train,0.9076305220883534,0.8557692307692307,0.9175257731958762,0.8855721393034824
283,39,bestMLP,test,0.952,0.9642857142857143,0.9310344827586207,0.9473684210526316
284,40,bestMLP,train,0.927710843373494,0.9090909090909091,0.9259259259259259,0.9174311926605504
285,40,bestMLP,test,0.912,0.86,0.9148936170212766,0.8865979381443299
286,41,bestMLP,train,0.932,0.9150943396226415,0.9238095238095239,0.9194312796208531
287,41,bestMLP,test,0.9032258064516129,0.8518518518518519,0.92,0.8846153846153846
288,42,bestMLP,train,0.9036144578313253,0.8715596330275229,0.9047619047619048,0.8878504672897196
289,42,bestMLP,test,0.944,0.9056603773584906,0.96,0.9320388349514563
290,43,bestMLP,train,0.9397590361445783,0.9047619047619048,0.95,0.9268292682926829
291,43,bestMLP,test,0.888,0.8727272727272727,0.8727272727272727,0.8727272727272727
292,44,bestMLP,train,0.916,0.8888888888888888,0.9142857142857143,0.9014084507042254
293,44,bestMLP,test,0.9274193548387096,0.8867924528301887,0.94,0.912621359223301
294,45,bestMLP,train,0.9116465863453815,0.897196261682243,0.897196261682243,0.897196261682243
295,45,bestMLP,test,0.944,0.8867924528301887,0.9791666666666666,0.9306930693069307
296,46,bestMLP,train,0.9116465863453815,0.8796296296296297,0.9134615384615384,0.8962264150943395
297,46,bestMLP,test,0.944,0.9230769230769231,0.9411764705882353,0.9320388349514563
298,47,bestMLP,train,0.944,0.9047619047619048,0.9595959595959596,0.9313725490196078
299,47,bestMLP,test,0.8790322580645161,0.8727272727272727,0.8571428571428571,0.8648648648648648
300,48,bestMLP,train,0.9236947791164659,0.8909090909090909,0.9333333333333333,0.9116279069767442
301,48,bestMLP,test,0.92,0.9,0.9,0.9
302,49,bestMLP,train,0.9397590361445783,0.9215686274509803,0.9306930693069307,0.9261083743842364
303,49,bestMLP,test,0.872,0.8166666666666667,0.9074074074074074,0.8596491228070176
304,50,bestMLP,train,0.9,0.8623853211009175,0.9038461538461539,0.8826291079812206
305,50,bestMLP,test,0.967741935483871,0.9607843137254902,0.9607843137254902,0.9607843137254902
306,51,bestMLP,train,0.9076305220883534,0.8796296296296297,0.9047619047619048,0.892018779342723
307,51,bestMLP,test,0.944,0.9056603773584906,0.96,0.9320388349514563
308,52,bestMLP,train,0.9357429718875502,0.8962264150943396,0.95,0.9223300970873787
309,52,bestMLP,test,0.888,0.8867924528301887,0.8545454545454545,0.8703703703703703
310,53,bestMLP,train,0.916,0.8888888888888888,0.9142857142857143,0.9014084507042254
311,53,bestMLP,test,0.9193548387096774,0.8703703703703703,0.94,0.9038461538461539
312,54,bestMLP,train,0.9116465863453815,0.8878504672897196,0.9047619047619048,0.8962264150943396
313,54,bestMLP,test,0.936,0.8888888888888888,0.96,0.923076923076923
314,55,bestMLP,train,0.9477911646586346,0.9245283018867925,0.9514563106796117,0.9377990430622011
315,55,bestMLP,test,0.856,0.8035714285714286,0.8653846153846154,0.8333333333333334
316,56,bestMLP,train,0.904,0.8679245283018868,0.9019607843137255,0.8846153846153846
317,56,bestMLP,test,0.9516129032258065,0.9433962264150944,0.9433962264150944,0.9433962264150944
318,57,bestMLP,train,0.9156626506024096,0.8979591836734694,0.8888888888888888,0.8934010152284263
319,57,bestMLP,test,0.928,0.9433962264150944,0.8928571428571429,0.9174311926605505
320,58,bestMLP,train,0.9397590361445783,0.9181818181818182,0.9439252336448598,0.9308755760368663
321,58,bestMLP,test,0.888,0.84,0.875,0.8571428571428572
322,59,bestMLP,train,0.92,0.8818181818181818,0.9326923076923077,0.9065420560747663
323,59,bestMLP,test,0.9112903225806451,0.8846153846153846,0.9019607843137255,0.8932038834951457
324,60,bestMLP,train,0.9317269076305221,0.8981481481481481,0.941747572815534,0.9194312796208531
325,60,bestMLP,test,0.888,0.8653846153846154,0.8653846153846154,0.8653846153846154
326,61,bestMLP,train,0.9156626506024096,0.8787878787878788,0.90625,0.8923076923076922
327,61,bestMLP,test,0.936,0.9180327868852459,0.9491525423728814,0.9333333333333333
328,62,bestMLP,train,0.912,0.8869565217391304,0.918918918918919,0.9026548672566371
329,62,bestMLP,test,0.9193548387096774,0.8541666666666666,0.9318181818181818,0.8913043478260869
330,63,bestMLP,train,0.9156626506024096,0.8737864077669902,0.9183673469387755,0.8955223880597014
331,63,bestMLP,test,0.936,0.9298245614035088,0.9298245614035088,0.9298245614035088
332,64,bestMLP,train,0.9156626506024096,0.8846153846153846,0.9108910891089109,0.8975609756097561
333,64,bestMLP,test,0.92,0.8793103448275862,0.9444444444444444,0.9107142857142858
334,65,bestMLP,train,0.928,0.9043478260869565,0.9369369369369369,0.9203539823008849
335,65,bestMLP,test,0.9112903225806451,0.8666666666666667,0.8863636363636364,0.8764044943820225
336,66,bestMLP,train,0.9317269076305221,0.9009009009009009,0.9433962264150944,0.9216589861751152
337,66,bestMLP,test,0.896,0.86,0.8775510204081632,0.8686868686868686
338,67,bestMLP,train,0.9116465863453815,0.8877551020408163,0.8877551020408163,0.8877551020408163
339,67,bestMLP,test,0.928,0.875,0.9824561403508771,0.9256198347107438
340,68,bestMLP,train,0.916,0.8828828828828829,0.9245283018867925,0.903225806451613
341,68,bestMLP,test,0.9032258064516129,0.9111111111111111,0.8367346938775511,0.8723404255319148
342,69,bestMLP,train,0.9317269076305221,0.9142857142857143,0.9230769230769231,0.9186602870813396
343,69,bestMLP,test,0.888,0.8245614035087719,0.9215686274509803,0.8703703703703703
344,70,bestMLP,train,0.9196787148594378,0.8867924528301887,0.9215686274509803,0.9038461538461539
345,70,bestMLP,test,0.912,0.875,0.9245283018867925,0.8990825688073395
346,71,bestMLP,train,0.9,0.8623853211009175,0.9038461538461539,0.8826291079812206
347,71,bestMLP,test,0.9516129032258065,0.9591836734693877,0.9215686274509803,0.9400000000000001
348,72,bestMLP,train,0.9036144578313253,0.868421052631579,0.9166666666666666,0.8918918918918918
349,72,bestMLP,test,0.944,0.9166666666666666,0.9361702127659575,0.9263157894736843
350,73,bestMLP,train,0.9397590361445783,0.9117647058823529,0.9393939393939394,0.9253731343283583
351,73,bestMLP,test,0.888,0.8620689655172413,0.8928571428571429,0.8771929824561403
352,74,bestMLP,train,0.916,0.8867924528301887,0.912621359223301,0.8995215311004785
353,74,bestMLP,test,0.9354838709677419,0.9074074074074074,0.9423076923076923,0.9245283018867925
354,75,bestMLP,train,0.9236947791164659,0.8910891089108911,0.9183673469387755,0.9045226130653267
355,75,bestMLP,test,0.896,0.8666666666666667,0.9122807017543859,0.8888888888888888
356,76,bestMLP,train,0.9196787148594378,0.8888888888888888,0.9230769230769231,0.9056603773584906
357,76,bestMLP,test,0.928,0.9038461538461539,0.9215686274509803,0.9126213592233009
358,77,bestMLP,train,0.912,0.8839285714285714,0.9166666666666666,0.8999999999999999
359,77,bestMLP,test,0.9112903225806451,0.9090909090909091,0.851063829787234,0.8791208791208791
360,78,bestMLP,train,0.9317269076305221,0.9017857142857143,0.9439252336448598,0.9223744292237444
361,78,bestMLP,test,0.888,0.84,0.875,0.8571428571428572
362,79,bestMLP,train,0.927710843373494,0.9117647058823529,0.9117647058823529,0.9117647058823528
363,79,bestMLP,test,0.904,0.847457627118644,0.9433962264150944,0.8928571428571428
364,80,bestMLP,train,0.908,0.89,0.8811881188118812,0.8855721393034827
365,80,bestMLP,test,0.9435483870967742,0.9607843137254902,0.9074074074074074,0.9333333333333333
366,81,bestMLP,train,0.9036144578313253,0.8666666666666667,0.900990099009901,0.8834951456310681
367,81,bestMLP,test,0.96,0.9454545454545454,0.9629629629629629,0.9541284403669724
368,82,bestMLP,train,0.927710843373494,0.9009009009009009,0.9345794392523364,0.9174311926605505
369,82,bestMLP,test,0.896,0.8431372549019608,0.8958333333333334,0.8686868686868686
370,83,bestMLP,train,0.928,0.8962264150943396,0.9313725490196079,0.9134615384615385
371,83,bestMLP,test,0.9112903225806451,0.8888888888888888,0.9056603773584906,0.897196261682243
372,84,bestMLP,train,0.9236947791164659,0.897196261682243,0.9230769230769231,0.9099526066350712
373,84,bestMLP,test,0.904,0.8823529411764706,0.8823529411764706,0.8823529411764706
374,85,bestMLP,train,0.9076305220883534,0.8909090909090909,0.8990825688073395,0.8949771689497716
375,85,bestMLP,test,0.936,0.8653846153846154,0.9782608695652174,0.9183673469387755
376,86,bestMLP,train,0.924,0.8823529411764706,0.9278350515463918,0.9045226130653266
377,86,bestMLP,test,0.9193548387096774,0.9137931034482759,0.9137931034482759,0.9137931034482759
378,87,bestMLP,train,0.8995983935742972,0.8691588785046729,0.8942307692307693,0.881516587677725
379,87,bestMLP,test,0.968,0.9433962264150944,0.9803921568627451,0.9615384615384616
380,88,bestMLP,train,0.927710843373494,0.9065420560747663,0.9238095238095239,0.9150943396226416
381,88,bestMLP,test,0.912,0.8679245283018868,0.92,0.8932038834951457
382,89,bestMLP,train,0.94,0.9056603773584906,0.9504950495049505,0.927536231884058
383,89,bestMLP,test,0.8870967741935484,0.8703703703703703,0.8703703703703703,0.8703703703703703
384,90,bestMLP,train,0.9317269076305221,0.8909090909090909,0.9514563106796117,0.9201877934272301
385,90,bestMLP,test,0.904,0.9,0.8653846153846154,0.8823529411764707
386,91,bestMLP,train,0.9116465863453815,0.883495145631068,0.900990099009901,0.8921568627450982
387,91,bestMLP,test,0.944,0.9122807017543859,0.9629629629629629,0.9369369369369369
388,92,bestMLP,train,0.924,0.9065420560747663,0.9150943396226415,0.9107981220657277
389,92,bestMLP,test,0.9193548387096774,0.8679245283018868,0.9387755102040817,0.9019607843137256
390,93,bestMLP,train,0.9156626506024096,0.8773584905660378,0.9207920792079208,0.8985507246376812
391,93,bestMLP,test,0.936,0.9259259259259259,0.9259259259259259,0.9259259259259259
392,94,bestMLP,train,0.927710843373494,0.9,0.9183673469387755,0.9090909090909091
393,94,bestMLP,test,0.912,0.8833333333333333,0.9298245614035088,0.905982905982906
394,95,bestMLP,train,0.92,0.8956521739130435,0.9279279279279279,0.911504424778761
395,95,bestMLP,test,0.9193548387096774,0.8695652173913043,0.9090909090909091,0.888888888888889
396,96,bestMLP,train,0.927710843373494,0.9259259259259259,0.9090909090909091,0.9174311926605504
397,96,bestMLP,test,0.896,0.7962962962962963,0.9555555555555556,0.8686868686868687
398,97,bestMLP,train,0.9196787148594378,0.8936170212765957,0.8936170212765957,0.8936170212765957
399,97,bestMLP,test,0.928,0.9482758620689655,0.9016393442622951,0.9243697478991596
400,98,bestMLP,train,0.928,0.8928571428571429,0.9433962264150944,0.9174311926605505
401,98,bestMLP,test,0.9112903225806451,0.8958333333333334,0.8775510204081632,0.8865979381443299
402,99,bestMLP,train,0.9036144578313253,0.8598130841121495,0.9108910891089109,0.8846153846153846
403,99,bestMLP,test,0.96,0.9622641509433962,0.9444444444444444,0.9532710280373832
404,100,bestMLP,train,0.9357429718875502,0.9056603773584906,0.9411764705882353,0.923076923076923
405,100,bestMLP,test,0.896,0.8703703703703703,0.8867924528301887,0.8785046728971964
406,101,bestMLP,train,0.924,0.9074074074074074,0.9158878504672897,0.9116279069767442
407,101,bestMLP,test,0.9112903225806451,0.8490566037735849,0.9375,0.8910891089108911
408,0,bestSVC,train,0.9196787148594378,0.908256880733945,0.908256880733945,0.908256880733945
409,0,bestSVC,test,0.896,0.851063829787234,0.8695652173913043,0.8602150537634409
410,1,bestSVC,train,0.9236947791164659,0.9081632653061225,0.898989898989899,0.9035532994923858
411,1,bestSVC,test,0.904,0.8928571428571429,0.8928571428571429,0.8928571428571429
412,2,bestSVC,train,0.9,0.8737864077669902,0.8823529411764706,0.8780487804878048
413,2,bestSVC,test,0.9354838709677419,0.9245283018867925,0.9245283018867925,0.9245283018867925
414,3,bestSVC,train,0.9036144578313253,0.89,0.8725490196078431,0.8811881188118812
415,3,bestSVC,test,0.912,0.8620689655172413,0.9433962264150944,0.9009009009009009
416,4,bestSVC,train,0.9156626506024096,0.8942307692307693,0.9029126213592233,0.8985507246376813
417,4,bestSVC,test,0.92,0.92,0.8846153846153846,0.9019607843137256
418,5,bestSVC,train,0.92,0.897196261682243,0.9142857142857143,0.9056603773584906
419,5,bestSVC,test,0.8951612903225806,0.8775510204081632,0.86,0.8686868686868686
420,6,bestSVC,train,0.9156626506024096,0.9108910891089109,0.8846153846153846,0.8975609756097561
421,6,bestSVC,test,0.904,0.8545454545454545,0.9215686274509803,0.8867924528301887
422,7,bestSVC,train,0.9076305220883534,0.8653846153846154,0.9090909090909091,0.8866995073891625
423,7,bestSVC,test,0.92,0.9423076923076923,0.875,0.9074074074074073
424,8,bestSVC,train,0.92,0.9142857142857143,0.897196261682243,0.9056603773584906
425,8,bestSVC,test,0.9032258064516129,0.86,0.8958333333333334,0.8775510204081632
426,9,bestSVC,train,0.9196787148594378,0.9108910891089109,0.8932038834951457,0.9019607843137256
427,9,bestSVC,test,0.912,0.8867924528301887,0.9038461538461539,0.8952380952380953
428,10,bestSVC,train,0.9036144578313253,0.8640776699029126,0.898989898989899,0.8811881188118812
429,10,bestSVC,test,0.92,0.9259259259259259,0.8928571428571429,0.9090909090909091
430,11,bestSVC,train,0.916,0.9065420560747663,0.8981481481481481,0.9023255813953489
431,11,bestSVC,test,0.9032258064516129,0.8571428571428571,0.8936170212765957,0.875
432,12,bestSVC,train,0.9116465863453815,0.8627450980392157,0.9166666666666666,0.888888888888889
433,12,bestSVC,test,0.912,0.9444444444444444,0.864406779661017,0.9026548672566371
434,13,bestSVC,train,0.9036144578313253,0.9038461538461539,0.8703703703703703,0.8867924528301887
435,13,bestSVC,test,0.928,0.8653846153846154,0.9574468085106383,0.9090909090909091
436,14,bestSVC,train,0.928,0.9230769230769231,0.9056603773584906,0.9142857142857143
437,14,bestSVC,test,0.8709677419354839,0.8367346938775511,0.8367346938775511,0.8367346938775511
438,15,bestSVC,train,0.927710843373494,0.9183673469387755,0.9,0.9090909090909091
439,15,bestSVC,test,0.896,0.875,0.8909090909090909,0.8828828828828829
440,16,bestSVC,train,0.9076305220883534,0.8785046728971962,0.9038461538461539,0.8909952606635071
441,16,bestSVC,test,0.904,0.8823529411764706,0.8823529411764706,0.8823529411764706
442,17,bestSVC,train,0.908,0.8952380952380953,0.8867924528301887,0.8909952606635072
443,17,bestSVC,test,0.9193548387096774,0.8823529411764706,0.9183673469387755,0.9
444,18,bestSVC,train,0.8955823293172691,0.8849557522123894,0.8849557522123894,0.8849557522123894
445,18,bestSVC,test,0.944,0.9069767441860465,0.9285714285714286,0.9176470588235294
446,19,bestSVC,train,0.9156626506024096,0.8932038834951457,0.9019607843137255,0.8975609756097561
447,19,bestSVC,test,0.896,0.8703703703703703,0.8867924528301887,0.8785046728971964
448,20,bestSVC,train,0.924,0.8958333333333334,0.9052631578947369,0.900523560209424
449,20,bestSVC,test,0.8790322580645161,0.8688524590163934,0.8833333333333333,0.8760330578512396
450,21,bestSVC,train,0.9076305220883534,0.883495145631068,0.8921568627450981,0.8878048780487806
451,21,bestSVC,test,0.92,0.9056603773584906,0.9056603773584906,0.9056603773584906
452,22,bestSVC,train,0.9116465863453815,0.8878504672897196,0.9047619047619048,0.8962264150943396
453,22,bestSVC,test,0.912,0.8979591836734694,0.88,0.888888888888889
454,23,bestSVC,train,0.916,0.9019607843137255,0.8932038834951457,0.8975609756097561
455,23,bestSVC,test,0.8951612903225806,0.8545454545454545,0.9038461538461539,0.8785046728971962
456,24,bestSVC,train,0.891566265060241,0.87,0.8613861386138614,0.8656716417910448
457,24,bestSVC,test,0.952,0.9285714285714286,0.9629629629629629,0.9454545454545454
458,25,bestSVC,train,0.9196787148594378,0.8910891089108911,0.9090909090909091,0.9
459,25,bestSVC,test,0.896,0.8909090909090909,0.875,0.8828828828828829
460,26,bestSVC,train,0.924,0.9099099099099099,0.9181818181818182,0.914027149321267
461,26,bestSVC,test,0.8709677419354839,0.8085106382978723,0.8444444444444444,0.8260869565217391
462,27,bestSVC,train,0.9357429718875502,0.9065420560747663,0.941747572815534,0.9238095238095239
463,27,bestSVC,test,0.864,0.8571428571428571,0.8076923076923077,0.8316831683168318
464,28,bestSVC,train,0.8955823293172691,0.8865979381443299,0.8514851485148515,0.8686868686868687
465,28,bestSVC,test,0.928,0.8688524590163934,0.9814814814814815,0.9217391304347826
466,29,bestSVC,train,0.904,0.8796296296296297,0.8962264150943396,0.8878504672897196
467,29,bestSVC,test,0.9274193548387096,0.9166666666666666,0.8979591836734694,0.9072164948453607
468,30,bestSVC,train,0.9196787148594378,0.8771929824561403,0.9433962264150944,0.9090909090909091
469,30,bestSVC,test,0.896,0.9285714285714286,0.7959183673469388,0.8571428571428572
470,31,bestSVC,train,0.891566265060241,0.8712871287128713,0.8627450980392157,0.8669950738916257
471,31,bestSVC,test,0.944,0.9107142857142857,0.9622641509433962,0.9357798165137615
472,32,bestSVC,train,0.924,0.9278350515463918,0.8823529411764706,0.9045226130653266
473,32,bestSVC,test,0.8870967741935484,0.8305084745762712,0.9245283018867925,0.875
474,33,bestSVC,train,0.9076305220883534,0.8962264150943396,0.8878504672897196,0.892018779342723
475,33,bestSVC,test,0.936,0.9166666666666666,0.9166666666666666,0.9166666666666666
476,34,bestSVC,train,0.9156626506024096,0.8981481481481481,0.9065420560747663,0.9023255813953489
477,34,bestSVC,test,0.904,0.875,0.875,0.875
478,35,bestSVC,train,0.92,0.8958333333333334,0.8958333333333334,0.8958333333333334
479,35,bestSVC,test,0.8790322580645161,0.8548387096774194,0.8983050847457628,0.8760330578512397
480,36,bestSVC,train,0.9076305220883534,0.9090909090909091,0.8653846153846154,0.8866995073891625
481,36,bestSVC,test,0.912,0.8448275862068966,0.9607843137254902,0.8990825688073395
482,37,bestSVC,train,0.9196787148594378,0.8715596330275229,0.9405940594059405,0.9047619047619048
483,37,bestSVC,test,0.896,0.9361702127659575,0.8148148148148148,0.8712871287128713
484,38,bestSVC,train,0.908,0.8942307692307693,0.8857142857142857,0.8899521531100478
485,38,bestSVC,test,0.9193548387096774,0.8846153846153846,0.92,0.9019607843137256
486,39,bestSVC,train,0.8995983935742972,0.8529411764705882,0.8969072164948454,0.8743718592964823
487,39,bestSVC,test,0.92,0.9285714285714286,0.896551724137931,0.912280701754386
488,40,bestSVC,train,0.9196787148594378,0.9074074074074074,0.9074074074074074,0.9074074074074074
489,40,bestSVC,test,0.896,0.8541666666666666,0.8723404255319149,0.8631578947368421
490,41,bestSVC,train,0.916,0.9117647058823529,0.8857142857142857,0.8985507246376812
491,41,bestSVC,test,0.9032258064516129,0.8518518518518519,0.92,0.8846153846153846
492,42,bestSVC,train,0.8955823293172691,0.8761904761904762,0.8761904761904762,0.8761904761904762
493,42,bestSVC,test,0.944,0.9215686274509803,0.94,0.9306930693069307
494,43,bestSVC,train,0.927710843373494,0.9019607843137255,0.92,0.9108910891089109
495,43,bestSVC,test,0.864,0.8392857142857143,0.8545454545454545,0.8468468468468467
496,44,bestSVC,train,0.92,0.912621359223301,0.8952380952380953,0.903846153846154
497,44,bestSVC,test,0.9112903225806451,0.8823529411764706,0.9,0.8910891089108911
498,45,bestSVC,train,0.9116465863453815,0.912621359223301,0.8785046728971962,0.8952380952380954
499,45,bestSVC,test,0.928,0.8823529411764706,0.9375,0.9090909090909091
500,46,bestSVC,train,0.8995983935742972,0.8761904761904762,0.8846153846153846,0.8803827751196172
501,46,bestSVC,test,0.92,0.8867924528301887,0.9215686274509803,0.9038461538461539
502,47,bestSVC,train,0.932,0.9019607843137255,0.9292929292929293,0.9154228855721392
503,47,bestSVC,test,0.8709677419354839,0.8703703703703703,0.8392857142857143,0.8545454545454546
504,48,bestSVC,train,0.9156626506024096,0.8888888888888888,0.9142857142857143,0.9014084507042254
505,48,bestSVC,test,0.896,0.8775510204081632,0.86,0.8686868686868686
506,49,bestSVC,train,0.927710843373494,0.9278350515463918,0.8910891089108911,0.9090909090909091
507,49,bestSVC,test,0.88,0.8305084745762712,0.9074074074074074,0.8672566371681415
508,50,bestSVC,train,0.892,0.8598130841121495,0.8846153846153846,0.872037914691943
509,50,bestSVC,test,0.9516129032258065,0.9591836734693877,0.9215686274509803,0.9400000000000001
510,51,bestSVC,train,0.8995983935742972,0.8846153846153846,0.8761904761904762,0.8803827751196172
511,51,bestSVC,test,0.936,0.9038461538461539,0.94,0.9215686274509804
512,52,bestSVC,train,0.9317269076305221,0.9029126213592233,0.93,0.916256157635468
513,52,bestSVC,test,0.88,0.8846153846153846,0.8363636363636363,0.8598130841121494
514,53,bestSVC,train,0.908,0.8942307692307693,0.8857142857142857,0.8899521531100478
515,53,bestSVC,test,0.9032258064516129,0.8518518518518519,0.92,0.8846153846153846
516,54,bestSVC,train,0.9036144578313253,0.8857142857142857,0.8857142857142857,0.8857142857142857
517,54,bestSVC,test,0.912,0.8679245283018868,0.92,0.8932038834951457
518,55,bestSVC,train,0.9357429718875502,0.9223300970873787,0.9223300970873787,0.9223300970873787
519,55,bestSVC,test,0.864,0.8301886792452831,0.8461538461538461,0.8380952380952382
520,56,bestSVC,train,0.904,0.8823529411764706,0.8823529411764706,0.8823529411764706
521,56,bestSVC,test,0.9274193548387096,0.94,0.8867924528301887,0.912621359223301
522,57,bestSVC,train,0.9036144578313253,0.8712871287128713,0.8888888888888888,0.88
523,57,bestSVC,test,0.928,0.9272727272727272,0.9107142857142857,0.918918918918919
524,58,bestSVC,train,0.9236947791164659,0.9150943396226415,0.9065420560747663,0.9107981220657277
525,58,bestSVC,test,0.888,0.84,0.875,0.8571428571428572
526,59,bestSVC,train,0.908,0.8857142857142857,0.8942307692307693,0.8899521531100478
527,59,bestSVC,test,0.9193548387096774,0.9019607843137255,0.9019607843137255,0.9019607843137255
528,60,bestSVC,train,0.927710843373494,0.9047619047619048,0.9223300970873787,0.9134615384615385
529,60,bestSVC,test,0.88,0.8627450980392157,0.8461538461538461,0.854368932038835
530,61,bestSVC,train,0.9076305220883534,0.8762886597938144,0.8854166666666666,0.8808290155440415
531,61,bestSVC,test,0.92,0.9152542372881356,0.9152542372881356,0.9152542372881356
532,62,bestSVC,train,0.9,0.8909090909090909,0.8828828828828829,0.8868778280542986
533,62,bestSVC,test,0.9193548387096774,0.8541666666666666,0.9318181818181818,0.8913043478260869
534,63,bestSVC,train,0.9116465863453815,0.8725490196078431,0.9081632653061225,0.89
535,63,bestSVC,test,0.912,0.9259259259259259,0.8771929824561403,0.9009009009009009
536,64,bestSVC,train,0.9076305220883534,0.8979591836734694,0.8712871287128713,0.8844221105527638
537,64,bestSVC,test,0.904,0.85,0.9444444444444444,0.8947368421052632
538,65,bestSVC,train,0.916,0.9017857142857143,0.9099099099099099,0.905829596412556
539,65,bestSVC,test,0.9032258064516129,0.8636363636363636,0.8636363636363636,0.8636363636363636
540,66,bestSVC,train,0.9156626506024096,0.897196261682243,0.9056603773584906,0.9014084507042254
541,66,bestSVC,test,0.904,0.8775510204081632,0.8775510204081632,0.8775510204081631
542,67,bestSVC,train,0.9036144578313253,0.8936170212765957,0.8571428571428571,0.875
543,67,bestSVC,test,0.92,0.873015873015873,0.9649122807017544,0.9166666666666667
544,68,bestSVC,train,0.916,0.8828828828828829,0.9245283018867925,0.903225806451613
545,68,bestSVC,test,0.8951612903225806,0.8913043478260869,0.8367346938775511,0.8631578947368421
546,69,bestSVC,train,0.927710843373494,0.9215686274509803,0.9038461538461539,0.9126213592233009
547,69,bestSVC,test,0.864,0.8035714285714286,0.8823529411764706,0.8411214953271029
548,70,bestSVC,train,0.9076305220883534,0.8910891089108911,0.8823529411764706,0.8866995073891626
549,70,bestSVC,test,0.92,0.8909090909090909,0.9245283018867925,0.9074074074074073
550,71,bestSVC,train,0.908,0.8785046728971962,0.9038461538461539,0.8909952606635071
551,71,bestSVC,test,0.9193548387096774,0.9555555555555556,0.8431372549019608,0.8958333333333333
552,72,bestSVC,train,0.9076305220883534,0.8899082568807339,0.8981481481481481,0.8940092165898618
553,72,bestSVC,test,0.936,0.9333333333333333,0.8936170212765957,0.9130434782608695
554,73,bestSVC,train,0.927710843373494,0.9090909090909091,0.9090909090909091,0.9090909090909091
555,73,bestSVC,test,0.872,0.8448275862068966,0.875,0.8596491228070176
556,74,bestSVC,train,0.904,0.883495145631068,0.883495145631068,0.883495145631068
557,74,bestSVC,test,0.9274193548387096,0.9056603773584906,0.9230769230769231,0.9142857142857143
558,75,bestSVC,train,0.9156626506024096,0.9052631578947369,0.8775510204081632,0.8911917098445595
559,75,bestSVC,test,0.904,0.8688524590163934,0.9298245614035088,0.8983050847457625
560,76,bestSVC,train,0.9076305220883534,0.8857142857142857,0.8942307692307693,0.8899521531100478
561,76,bestSVC,test,0.92,0.9019607843137255,0.9019607843137255,0.9019607843137255
562,77,bestSVC,train,0.912,0.8839285714285714,0.9166666666666666,0.8999999999999999
563,77,bestSVC,test,0.8951612903225806,0.8695652173913043,0.851063829787234,0.8602150537634409
564,78,bestSVC,train,0.9196787148594378,0.8990825688073395,0.9158878504672897,0.9074074074074073
565,78,bestSVC,test,0.888,0.8541666666666666,0.8541666666666666,0.8541666666666666
566,79,bestSVC,train,0.9236947791164659,0.9191919191919192,0.8921568627450981,0.9054726368159205
567,79,bestSVC,test,0.888,0.8421052631578947,0.9056603773584906,0.8727272727272727
568,80,bestSVC,train,0.896,0.8640776699029126,0.8811881188118812,0.8725490196078431
569,80,bestSVC,test,0.9596774193548387,0.9803921568627451,0.9259259259259259,0.9523809523809523
570,81,bestSVC,train,0.8995983935742972,0.8653846153846154,0.8910891089108911,0.878048780487805
571,81,bestSVC,test,0.936,0.9423076923076923,0.9074074074074074,0.9245283018867925
572,82,bestSVC,train,0.9196787148594378,0.9142857142857143,0.897196261682243,0.9056603773584906
573,82,bestSVC,test,0.888,0.8269230769230769,0.8958333333333334,0.86
574,83,bestSVC,train,0.92,0.9019607843137255,0.9019607843137255,0.9019607843137255
575,83,bestSVC,test,0.9112903225806451,0.9038461538461539,0.8867924528301887,0.8952380952380953
576,84,bestSVC,train,0.9196787148594378,0.8962264150943396,0.9134615384615384,0.9047619047619048
577,84,bestSVC,test,0.888,0.8627450980392157,0.8627450980392157,0.8627450980392157
578,85,bestSVC,train,0.8955823293172691,0.8952380952380953,0.8623853211009175,0.8785046728971964
579,85,bestSVC,test,0.944,0.8823529411764706,0.9782608695652174,0.9278350515463919
580,86,bestSVC,train,0.92,0.8811881188118812,0.9175257731958762,0.898989898989899
581,86,bestSVC,test,0.8951612903225806,0.9090909090909091,0.8620689655172413,0.8849557522123893
582,87,bestSVC,train,0.8995983935742972,0.883495145631068,0.875,0.8792270531400966
583,87,bestSVC,test,0.952,0.9411764705882353,0.9411764705882353,0.9411764705882353
584,88,bestSVC,train,0.9156626506024096,0.9038461538461539,0.8952380952380953,0.8995215311004785
585,88,bestSVC,test,0.888,0.8333333333333334,0.9,0.8653846153846153
586,89,bestSVC,train,0.928,0.9029126213592233,0.9207920792079208,0.911764705882353
587,89,bestSVC,test,0.8790322580645161,0.8679245283018868,0.8518518518518519,0.8598130841121496
588,90,bestSVC,train,0.9196787148594378,0.8952380952380953,0.912621359223301,0.903846153846154
589,90,bestSVC,test,0.896,0.8823529411764706,0.8653846153846154,0.8737864077669903
590,91,bestSVC,train,0.9036144578313253,0.8811881188118812,0.8811881188118812,0.8811881188118812
591,91,bestSVC,test,0.92,0.8928571428571429,0.9259259259259259,0.9090909090909091
592,92,bestSVC,train,0.916,0.9047619047619048,0.8962264150943396,0.9004739336492891
593,92,bestSVC,test,0.9032258064516129,0.8627450980392157,0.8979591836734694,0.8799999999999999
594,93,bestSVC,train,0.9076305220883534,0.875,0.900990099009901,0.8878048780487806
595,93,bestSVC,test,0.92,0.9230769230769231,0.8888888888888888,0.9056603773584906
596,94,bestSVC,train,0.9156626506024096,0.8969072164948454,0.8877551020408163,0.8923076923076922
597,94,bestSVC,test,0.904,0.8813559322033898,0.9122807017543859,0.8965517241379309
598,95,bestSVC,train,0.912,0.9009009009009009,0.9009009009009009,0.9009009009009009
599,95,bestSVC,test,0.9032258064516129,0.8478260869565217,0.8863636363636364,0.8666666666666666
600,96,bestSVC,train,0.9196787148594378,0.9245283018867925,0.8909090909090909,0.9074074074074073
601,96,bestSVC,test,0.896,0.82,0.9111111111111111,0.8631578947368421
602,97,bestSVC,train,0.9036144578313253,0.8571428571428571,0.8936170212765957,0.875
603,97,bestSVC,test,0.928,0.9482758620689655,0.9016393442622951,0.9243697478991596
604,98,bestSVC,train,0.912,0.8888888888888888,0.9056603773584906,0.897196261682243
605,98,bestSVC,test,0.9032258064516129,0.8775510204081632,0.8775510204081632,0.8775510204081631
606,99,bestSVC,train,0.8955823293172691,0.8571428571428571,0.8910891089108911,0.8737864077669902
607,99,bestSVC,test,0.944,0.9607843137254902,0.9074074074074074,0.9333333333333333
608,100,bestSVC,train,0.9196787148594378,0.9019607843137255,0.9019607843137255,0.9019607843137255
609,100,bestSVC,test,0.888,0.8545454545454545,0.8867924528301887,0.8703703703703703
610,101,bestSVC,train,0.92,0.9142857142857143,0.897196261682243,0.9056603773584906
611,101,bestSVC,test,0.8951612903225806,0.8431372549019608,0.8958333333333334,0.8686868686868686
612,0,soft_vote,train,0.9156626506024096,0.9,0.908256880733945,0.9041095890410958
613,0,soft_vote,test,0.912,0.8571428571428571,0.9130434782608695,0.8842105263157894
614,1,soft_vote,train,0.9236947791164659,0.8921568627450981,0.9191919191919192,0.9054726368159205
615,1,soft_vote,test,0.904,0.8928571428571429,0.8928571428571429,0.8928571428571429
616,2,soft_vote,train,0.912,0.8773584905660378,0.9117647058823529,0.8942307692307693
617,2,soft_vote,test,0.9354838709677419,0.9090909090909091,0.9433962264150944,0.9259259259259259
618,3,soft_vote,train,0.9156626506024096,0.8932038834951457,0.9019607843137255,0.8975609756097561
619,3,soft_vote,test,0.928,0.8793103448275862,0.9622641509433962,0.9189189189189189
620,4,soft_vote,train,0.9156626506024096,0.8867924528301887,0.912621359223301,0.8995215311004785
621,4,soft_vote,test,0.92,0.9038461538461539,0.9038461538461539,0.9038461538461539
622,5,soft_vote,train,0.92,0.8899082568807339,0.9238095238095239,0.9065420560747663
623,5,soft_vote,test,0.9032258064516129,0.88,0.88,0.88
624,6,soft_vote,train,0.927710843373494,0.9134615384615384,0.9134615384615384,0.9134615384615384
625,6,soft_vote,test,0.904,0.8421052631578947,0.9411764705882353,0.8888888888888888
626,7,soft_vote,train,0.9156626506024096,0.8679245283018868,0.9292929292929293,0.8975609756097561
627,7,soft_vote,test,0.936,0.9444444444444444,0.9107142857142857,0.9272727272727271
628,8,soft_vote,train,0.916,0.8909090909090909,0.9158878504672897,0.9032258064516129
629,8,soft_vote,test,0.9112903225806451,0.8775510204081632,0.8958333333333334,0.8865979381443299
630,9,soft_vote,train,0.9236947791164659,0.8962264150943396,0.9223300970873787,0.9090909090909091
631,9,soft_vote,test,0.912,0.8727272727272727,0.9230769230769231,0.897196261682243
632,10,soft_vote,train,0.9076305220883534,0.8653846153846154,0.9090909090909091,0.8866995073891625
633,10,soft_vote,test,0.936,0.9444444444444444,0.9107142857142857,0.9272727272727271
634,11,soft_vote,train,0.924,0.908256880733945,0.9166666666666666,0.912442396313364
635,11,soft_vote,test,0.8951612903225806,0.84,0.8936170212765957,0.8659793814432989
636,12,soft_vote,train,0.9156626506024096,0.8640776699029126,0.9270833333333334,0.8944723618090452
637,12,soft_vote,test,0.92,0.9454545454545454,0.8813559322033898,0.9122807017543859
638,13,soft_vote,train,0.9116465863453815,0.8981481481481481,0.8981481481481481,0.8981481481481481
639,13,soft_vote,test,0.936,0.8679245283018868,0.9787234042553191,0.9199999999999999
640,14,soft_vote,train,0.928,0.9074074074074074,0.9245283018867925,0.9158878504672898
641,14,soft_vote,test,0.8870967741935484,0.8431372549019608,0.8775510204081632,0.86
642,15,soft_vote,train,0.9236947791164659,0.900990099009901,0.91,0.9054726368159204
643,15,soft_vote,test,0.904,0.8771929824561403,0.9090909090909091,0.8928571428571428
644,16,soft_vote,train,0.9116465863453815,0.8796296296296297,0.9134615384615384,0.8962264150943395
645,16,soft_vote,test,0.92,0.9019607843137255,0.9019607843137255,0.9019607843137255
646,17,soft_vote,train,0.924,0.8990825688073395,0.9245283018867925,0.9116279069767442
647,17,soft_vote,test,0.9193548387096774,0.8823529411764706,0.9183673469387755,0.9
648,18,soft_vote,train,0.9036144578313253,0.8869565217391304,0.9026548672566371,0.8947368421052632
649,18,soft_vote,test,0.944,0.9069767441860465,0.9285714285714286,0.9176470588235294
650,19,soft_vote,train,0.9236947791164659,0.8952380952380953,0.9215686274509803,0.9082125603864734
651,19,soft_vote,test,0.912,0.875,0.9245283018867925,0.8990825688073395
652,20,soft_vote,train,0.924,0.8877551020408163,0.9157894736842105,0.9015544041450776
653,20,soft_vote,test,0.8951612903225806,0.8852459016393442,0.9,0.8925619834710743
654,21,soft_vote,train,0.9156626506024096,0.8785046728971962,0.9215686274509803,0.8995215311004785
655,21,soft_vote,test,0.928,0.9074074074074074,0.9245283018867925,0.9158878504672898
656,22,soft_vote,train,0.9196787148594378,0.8899082568807339,0.9238095238095239,0.9065420560747663
657,22,soft_vote,test,0.912,0.8979591836734694,0.88,0.888888888888889
658,23,soft_vote,train,0.92,0.8952380952380953,0.912621359223301,0.903846153846154
659,23,soft_vote,test,0.9193548387096774,0.875,0.9423076923076923,0.9074074074074073
660,24,soft_vote,train,0.8995983935742972,0.8725490196078431,0.8811881188118812,0.8768472906403942
661,24,soft_vote,test,0.952,0.9285714285714286,0.9629629629629629,0.9454545454545454
662,25,soft_vote,train,0.9236947791164659,0.8921568627450981,0.9191919191919192,0.9054726368159205
663,25,soft_vote,test,0.904,0.8928571428571429,0.8928571428571429,0.8928571428571429
664,26,soft_vote,train,0.928,0.9107142857142857,0.9272727272727272,0.918918918918919
665,26,soft_vote,test,0.8870967741935484,0.8297872340425532,0.8666666666666667,0.8478260869565217
666,27,soft_vote,train,0.9357429718875502,0.9065420560747663,0.941747572815534,0.9238095238095239
667,27,soft_vote,test,0.864,0.8571428571428571,0.8076923076923077,0.8316831683168318
668,28,soft_vote,train,0.9076305220883534,0.89,0.8811881188118812,0.8855721393034827
669,28,soft_vote,test,0.944,0.8852459016393442,1.0,0.9391304347826086
670,29,soft_vote,train,0.912,0.8818181818181818,0.9150943396226415,0.8981481481481483
671,29,soft_vote,test,0.9274193548387096,0.9166666666666666,0.8979591836734694,0.9072164948453607
672,30,soft_vote,train,0.9196787148594378,0.8771929824561403,0.9433962264150944,0.9090909090909091
673,30,soft_vote,test,0.888,0.9069767441860465,0.7959183673469388,0.8478260869565216
674,31,soft_vote,train,0.8995983935742972,0.8666666666666667,0.8921568627450981,0.8792270531400966
675,31,soft_vote,test,0.96,0.9285714285714286,0.9811320754716981,0.9541284403669724
676,32,soft_vote,train,0.932,0.9207920792079208,0.9117647058823529,0.9162561576354681
677,32,soft_vote,test,0.8951612903225806,0.8333333333333334,0.9433962264150944,0.8849557522123894
678,33,soft_vote,train,0.9116465863453815,0.8828828828828829,0.9158878504672897,0.8990825688073394
679,33,soft_vote,test,0.944,0.9183673469387755,0.9375,0.9278350515463918
680,34,soft_vote,train,0.9196787148594378,0.8990825688073395,0.9158878504672897,0.9074074074074073
681,34,soft_vote,test,0.912,0.8775510204081632,0.8958333333333334,0.8865979381443299
682,35,soft_vote,train,0.928,0.8979591836734694,0.9166666666666666,0.9072164948453607
683,35,soft_vote,test,0.8870967741935484,0.8688524590163934,0.8983050847457628,0.8833333333333333
684,36,soft_vote,train,0.9156626506024096,0.9029126213592233,0.8942307692307693,0.8985507246376813
685,36,soft_vote,test,0.928,0.8620689655172413,0.9803921568627451,0.9174311926605505
686,37,soft_vote,train,0.9196787148594378,0.8715596330275229,0.9405940594059405,0.9047619047619048
687,37,soft_vote,test,0.896,0.9361702127659575,0.8148148148148148,0.8712871287128713
688,38,soft_vote,train,0.916,0.8888888888888888,0.9142857142857143,0.9014084507042254
689,38,soft_vote,test,0.9274193548387096,0.8867924528301887,0.94,0.912621359223301
690,39,soft_vote,train,0.9036144578313253,0.8543689320388349,0.9072164948453608,0.88
691,39,soft_vote,test,0.936,0.9464285714285714,0.9137931034482759,0.9298245614035087
692,40,soft_vote,train,0.927710843373494,0.9090909090909091,0.9259259259259259,0.9174311926605504
693,40,soft_vote,test,0.912,0.86,0.9148936170212766,0.8865979381443299
694,41,soft_vote,train,0.928,0.9065420560747663,0.9238095238095239,0.9150943396226416
695,41,soft_vote,test,0.9032258064516129,0.8518518518518519,0.92,0.8846153846153846
696,42,soft_vote,train,0.9036144578313253,0.8785046728971962,0.8952380952380953,0.8867924528301887
697,42,soft_vote,test,0.944,0.9215686274509803,0.94,0.9306930693069307
698,43,soft_vote,train,0.9357429718875502,0.9038461538461539,0.94,0.9215686274509804
699,43,soft_vote,test,0.872,0.8545454545454545,0.8545454545454545,0.8545454545454545
700,44,soft_vote,train,0.912,0.8952380952380953,0.8952380952380953,0.8952380952380953
701,44,soft_vote,test,0.9274193548387096,0.8867924528301887,0.94,0.912621359223301
702,45,soft_vote,train,0.8995983935742972,0.8867924528301887,0.8785046728971962,0.8826291079812206
703,45,soft_vote,test,0.944,0.8867924528301887,0.9791666666666666,0.9306930693069307
704,46,soft_vote,train,0.9116465863453815,0.8796296296296297,0.9134615384615384,0.8962264150943395
705,46,soft_vote,test,0.936,0.9056603773584906,0.9411764705882353,0.923076923076923
706,47,soft_vote,train,0.94,0.9038461538461539,0.9494949494949495,0.9261083743842364
707,47,soft_vote,test,0.8709677419354839,0.8703703703703703,0.8392857142857143,0.8545454545454546
708,48,soft_vote,train,0.9116465863453815,0.8807339449541285,0.9142857142857143,0.8971962616822431
709,48,soft_vote,test,0.904,0.8958333333333334,0.86,0.8775510204081632
710,49,soft_vote,train,0.9437751004016064,0.9306930693069307,0.9306930693069307,0.9306930693069307
711,49,soft_vote,test,0.872,0.8166666666666667,0.9074074074074074,0.8596491228070176
712,50,soft_vote,train,0.896,0.8611111111111112,0.8942307692307693,0.8773584905660378
713,50,soft_vote,test,0.9596774193548387,0.96,0.9411764705882353,0.9504950495049505
714,51,soft_vote,train,0.8995983935742972,0.8773584905660378,0.8857142857142857,0.8815165876777252
715,51,soft_vote,test,0.944,0.9056603773584906,0.96,0.9320388349514563
716,52,soft_vote,train,0.927710843373494,0.8942307692307693,0.93,0.911764705882353
717,52,soft_vote,test,0.88,0.8846153846153846,0.8363636363636363,0.8598130841121494
718,53,soft_vote,train,0.92,0.897196261682243,0.9142857142857143,0.9056603773584906
719,53,soft_vote,test,0.9193548387096774,0.8703703703703703,0.94,0.9038461538461539
720,54,soft_vote,train,0.9116465863453815,0.8878504672897196,0.9047619047619048,0.8962264150943396
721,54,soft_vote,test,0.936,0.8888888888888888,0.96,0.923076923076923
722,55,soft_vote,train,0.9437751004016064,0.9238095238095239,0.941747572815534,0.9326923076923078
723,55,soft_vote,test,0.864,0.8301886792452831,0.8461538461538461,0.8380952380952382
724,56,soft_vote,train,0.9,0.8666666666666667,0.8921568627450981,0.8792270531400966
725,56,soft_vote,test,0.9516129032258065,0.9433962264150944,0.9433962264150944,0.9433962264150944
726,57,soft_vote,train,0.9036144578313253,0.8712871287128713,0.8888888888888888,0.88
727,57,soft_vote,test,0.944,0.9298245614035088,0.9464285714285714,0.9380530973451328
728,58,soft_vote,train,0.9397590361445783,0.9181818181818182,0.9439252336448598,0.9308755760368663
729,58,soft_vote,test,0.88,0.8235294117647058,0.875,0.8484848484848485
730,59,soft_vote,train,0.92,0.8818181818181818,0.9326923076923077,0.9065420560747663
731,59,soft_vote,test,0.9193548387096774,0.9019607843137255,0.9019607843137255,0.9019607843137255
732,60,soft_vote,train,0.9317269076305221,0.9056603773584906,0.9320388349514563,0.9186602870813397
733,60,soft_vote,test,0.888,0.8653846153846154,0.8653846153846154,0.8653846153846154
734,61,soft_vote,train,0.9076305220883534,0.8686868686868687,0.8958333333333334,0.8820512820512821
735,61,soft_vote,test,0.928,0.9166666666666666,0.9322033898305084,0.9243697478991596
736,62,soft_vote,train,0.916,0.8947368421052632,0.918918918918919,0.9066666666666667
737,62,soft_vote,test,0.9274193548387096,0.8723404255319149,0.9318181818181818,0.9010989010989012
738,63,soft_vote,train,0.9076305220883534,0.8640776699029126,0.9081632653061225,0.8855721393034826
739,63,soft_vote,test,0.928,0.9285714285714286,0.9122807017543859,0.9203539823008849
740,64,soft_vote,train,0.9236947791164659,0.9019607843137255,0.9108910891089109,0.9064039408866996
741,64,soft_vote,test,0.912,0.864406779661017,0.9444444444444444,0.9026548672566371
742,65,soft_vote,train,0.924,0.9035087719298246,0.9279279279279279,0.9155555555555556
743,65,soft_vote,test,0.9032258064516129,0.8636363636363636,0.8636363636363636,0.8636363636363636
744,66,soft_vote,train,0.927710843373494,0.8928571428571429,0.9433962264150944,0.9174311926605505
745,66,soft_vote,test,0.904,0.8775510204081632,0.8775510204081632,0.8775510204081631
746,67,soft_vote,train,0.9156626506024096,0.8969072164948454,0.8877551020408163,0.8923076923076922
747,67,soft_vote,test,0.928,0.875,0.9824561403508771,0.9256198347107438
748,68,soft_vote,train,0.916,0.8828828828828829,0.9245283018867925,0.903225806451613
749,68,soft_vote,test,0.9032258064516129,0.9111111111111111,0.8367346938775511,0.8723404255319148
750,69,soft_vote,train,0.9357429718875502,0.9230769230769231,0.9230769230769231,0.9230769230769231
751,69,soft_vote,test,0.872,0.8181818181818182,0.8823529411764706,0.8490566037735848
752,70,soft_vote,train,0.9196787148594378,0.8867924528301887,0.9215686274509803,0.9038461538461539
753,70,soft_vote,test,0.92,0.8909090909090909,0.9245283018867925,0.9074074074074073
754,71,soft_vote,train,0.9,0.8623853211009175,0.9038461538461539,0.8826291079812206
755,71,soft_vote,test,0.9516129032258065,0.9591836734693877,0.9215686274509803,0.9400000000000001
756,72,soft_vote,train,0.9076305220883534,0.8828828828828829,0.9074074074074074,0.8949771689497718
757,72,soft_vote,test,0.936,0.9148936170212766,0.9148936170212766,0.9148936170212766
758,73,soft_vote,train,0.9317269076305221,0.9019607843137255,0.9292929292929293,0.9154228855721392
759,73,soft_vote,test,0.88,0.8596491228070176,0.875,0.8672566371681416
760,74,soft_vote,train,0.916,0.8867924528301887,0.912621359223301,0.8995215311004785
761,74,soft_vote,test,0.9274193548387096,0.8909090909090909,0.9423076923076923,0.9158878504672897
762,75,soft_vote,train,0.9317269076305221,0.9090909090909091,0.9183673469387755,0.9137055837563451
763,75,soft_vote,test,0.904,0.8688524590163934,0.9298245614035088,0.8983050847457625
764,76,soft_vote,train,0.9156626506024096,0.8807339449541285,0.9230769230769231,0.9014084507042254
765,76,soft_vote,test,0.928,0.9038461538461539,0.9215686274509803,0.9126213592233009
766,77,soft_vote,train,0.912,0.8839285714285714,0.9166666666666666,0.8999999999999999
767,77,soft_vote,test,0.9032258064516129,0.8888888888888888,0.851063829787234,0.8695652173913044
768,78,soft_vote,train,0.9196787148594378,0.8918918918918919,0.9252336448598131,0.908256880733945
769,78,soft_vote,test,0.904,0.875,0.875,0.875
770,79,soft_vote,train,0.9317269076305221,0.9207920792079208,0.9117647058823529,0.9162561576354681
771,79,soft_vote,test,0.896,0.8333333333333334,0.9433962264150944,0.8849557522123894
772,80,soft_vote,train,0.904,0.8666666666666667,0.900990099009901,0.8834951456310681
773,80,soft_vote,test,0.9596774193548387,0.9803921568627451,0.9259259259259259,0.9523809523809523
774,81,soft_vote,train,0.8995983935742972,0.8653846153846154,0.8910891089108911,0.878048780487805
775,81,soft_vote,test,0.944,0.9272727272727272,0.9444444444444444,0.9357798165137615
776,82,soft_vote,train,0.9236947791164659,0.9074074074074074,0.9158878504672897,0.9116279069767442
777,82,soft_vote,test,0.896,0.8431372549019608,0.8958333333333334,0.8686868686868686
778,83,soft_vote,train,0.928,0.8962264150943396,0.9313725490196079,0.9134615384615385
779,83,soft_vote,test,0.9112903225806451,0.8888888888888888,0.9056603773584906,0.897196261682243
780,84,soft_vote,train,0.9236947791164659,0.897196261682243,0.9230769230769231,0.9099526066350712
781,84,soft_vote,test,0.896,0.8653846153846154,0.8823529411764706,0.8737864077669903
782,85,soft_vote,train,0.9076305220883534,0.8909090909090909,0.8990825688073395,0.8949771689497716
783,85,soft_vote,test,0.944,0.8823529411764706,0.9782608695652174,0.9278350515463919
784,86,soft_vote,train,0.92,0.8737864077669902,0.9278350515463918,0.9
785,86,soft_vote,test,0.9032258064516129,0.9107142857142857,0.8793103448275862,0.8947368421052632
786,87,soft_vote,train,0.891566265060241,0.8666666666666667,0.875,0.8708133971291866
787,87,soft_vote,test,0.968,0.9433962264150944,0.9803921568627451,0.9615384615384616
788,88,soft_vote,train,0.927710843373494,0.9065420560747663,0.9238095238095239,0.9150943396226416
789,88,soft_vote,test,0.904,0.8518518518518519,0.92,0.8846153846153846
790,89,soft_vote,train,0.932,0.8962264150943396,0.9405940594059405,0.9178743961352657
791,89,soft_vote,test,0.8790322580645161,0.8679245283018868,0.8518518518518519,0.8598130841121496
792,90,soft_vote,train,0.9236947791164659,0.8888888888888888,0.9320388349514563,0.909952606635071
793,90,soft_vote,test,0.896,0.8823529411764706,0.8653846153846154,0.8737864077669903
794,91,soft_vote,train,0.9076305220883534,0.875,0.900990099009901,0.8878048780487806
795,91,soft_vote,test,0.944,0.9122807017543859,0.9629629629629629,0.9369369369369369
796,92,soft_vote,train,0.924,0.9065420560747663,0.9150943396226415,0.9107981220657277
797,92,soft_vote,test,0.9032258064516129,0.8627450980392157,0.8979591836734694,0.8799999999999999
798,93,soft_vote,train,0.9076305220883534,0.8679245283018868,0.9108910891089109,0.8888888888888888
799,93,soft_vote,test,0.928,0.9245283018867925,0.9074074074074074,0.9158878504672898
800,94,soft_vote,train,0.9196787148594378,0.89,0.9081632653061225,0.8989898989898989
801,94,soft_vote,test,0.904,0.8813559322033898,0.9122807017543859,0.8965517241379309
802,95,soft_vote,train,0.916,0.9017857142857143,0.9099099099099099,0.905829596412556
803,95,soft_vote,test,0.9112903225806451,0.851063829787234,0.9090909090909091,0.8791208791208791
804,96,soft_vote,train,0.9236947791164659,0.9174311926605505,0.9090909090909091,0.9132420091324202
805,96,soft_vote,test,0.912,0.8269230769230769,0.9555555555555556,0.88659793814433
806,97,soft_vote,train,0.9116465863453815,0.86,0.9148936170212766,0.8865979381443299
807,97,soft_vote,test,0.928,0.9482758620689655,0.9016393442622951,0.9243697478991596
808,98,soft_vote,train,0.92,0.8909090909090909,0.9245283018867925,0.9074074074074073
809,98,soft_vote,test,0.9032258064516129,0.8775510204081632,0.8775510204081632,0.8775510204081631
810,99,soft_vote,train,0.8995983935742972,0.8518518518518519,0.9108910891089109,0.8803827751196173
811,99,soft_vote,test,0.96,0.9622641509433962,0.9444444444444444,0.9532710280373832
812,100,soft_vote,train,0.9317269076305221,0.897196261682243,0.9411764705882353,0.9186602870813397
813,100,soft_vote,test,0.896,0.8703703703703703,0.8867924528301887,0.8785046728971964
814,101,soft_vote,train,0.924,0.9150943396226415,0.9065420560747663,0.9107981220657277
815,101,soft_vote,test,0.9032258064516129,0.8461538461538461,0.9166666666666666,0.8799999999999999
816,0,hard_vote,train,0.9196787148594378,0.908256880733945,0.908256880733945,0.908256880733945
817,0,hard_vote,test,0.912,0.8571428571428571,0.9130434782608695,0.8842105263157894
818,1,hard_vote,train,0.9236947791164659,0.8921568627450981,0.9191919191919192,0.9054726368159205
819,1,hard_vote,test,0.904,0.8928571428571429,0.8928571428571429,0.8928571428571429
820,2,hard_vote,train,0.912,0.8773584905660378,0.9117647058823529,0.8942307692307693
821,2,hard_vote,test,0.9435483870967742,0.9259259259259259,0.9433962264150944,0.9345794392523364
822,3,hard_vote,train,0.9156626506024096,0.8932038834951457,0.9019607843137255,0.8975609756097561
823,3,hard_vote,test,0.928,0.8793103448275862,0.9622641509433962,0.9189189189189189
824,4,hard_vote,train,0.9156626506024096,0.8867924528301887,0.912621359223301,0.8995215311004785
825,4,hard_vote,test,0.92,0.9038461538461539,0.9038461538461539,0.9038461538461539
826,5,hard_vote,train,0.924,0.8981481481481481,0.9238095238095239,0.9107981220657277
827,5,hard_vote,test,0.9032258064516129,0.88,0.88,0.88
828,6,hard_vote,train,0.927710843373494,0.9134615384615384,0.9134615384615384,0.9134615384615384
829,6,hard_vote,test,0.912,0.8571428571428571,0.9411764705882353,0.897196261682243
830,7,hard_vote,train,0.9156626506024096,0.8679245283018868,0.9292929292929293,0.8975609756097561
831,7,hard_vote,test,0.936,0.9444444444444444,0.9107142857142857,0.9272727272727271
832,8,hard_vote,train,0.92,0.8990825688073395,0.9158878504672897,0.9074074074074073
833,8,hard_vote,test,0.9112903225806451,0.8775510204081632,0.8958333333333334,0.8865979381443299
834,9,hard_vote,train,0.927710843373494,0.9047619047619048,0.9223300970873787,0.9134615384615385
835,9,hard_vote,test,0.912,0.8727272727272727,0.9230769230769231,0.897196261682243
836,10,hard_vote,train,0.9076305220883534,0.8653846153846154,0.9090909090909091,0.8866995073891625
837,10,hard_vote,test,0.936,0.9444444444444444,0.9107142857142857,0.9272727272727271
838,11,hard_vote,train,0.924,0.908256880733945,0.9166666666666666,0.912442396313364
839,11,hard_vote,test,0.8951612903225806,0.84,0.8936170212765957,0.8659793814432989
840,12,hard_vote,train,0.9156626506024096,0.8640776699029126,0.9270833333333334,0.8944723618090452
841,12,hard_vote,test,0.92,0.9454545454545454,0.8813559322033898,0.9122807017543859
842,13,hard_vote,train,0.9116465863453815,0.8981481481481481,0.8981481481481481,0.8981481481481481
843,13,hard_vote,test,0.936,0.8679245283018868,0.9787234042553191,0.9199999999999999
844,14,hard_vote,train,0.928,0.9074074074074074,0.9245283018867925,0.9158878504672898
845,14,hard_vote,test,0.8951612903225806,0.86,0.8775510204081632,0.8686868686868686
846,15,hard_vote,train,0.9236947791164659,0.900990099009901,0.91,0.9054726368159204
847,15,hard_vote,test,0.904,0.8771929824561403,0.9090909090909091,0.8928571428571428
848,16,hard_vote,train,0.9116465863453815,0.8796296296296297,0.9134615384615384,0.8962264150943395
849,16,hard_vote,test,0.92,0.9019607843137255,0.9019607843137255,0.9019607843137255
850,17,hard_vote,train,0.924,0.8990825688073395,0.9245283018867925,0.9116279069767442
851,17,hard_vote,test,0.9193548387096774,0.8823529411764706,0.9183673469387755,0.9
852,18,hard_vote,train,0.9036144578313253,0.8869565217391304,0.9026548672566371,0.8947368421052632
853,18,hard_vote,test,0.944,0.9069767441860465,0.9285714285714286,0.9176470588235294
854,19,hard_vote,train,0.9236947791164659,0.8952380952380953,0.9215686274509803,0.9082125603864734
855,19,hard_vote,test,0.912,0.875,0.9245283018867925,0.8990825688073395
856,20,hard_vote,train,0.928,0.8969072164948454,0.9157894736842105,0.9062499999999999
857,20,hard_vote,test,0.8951612903225806,0.8852459016393442,0.9,0.8925619834710743
858,21,hard_vote,train,0.9196787148594378,0.8867924528301887,0.9215686274509803,0.9038461538461539
859,21,hard_vote,test,0.928,0.9074074074074074,0.9245283018867925,0.9158878504672898
860,22,hard_vote,train,0.9196787148594378,0.8899082568807339,0.9238095238095239,0.9065420560747663
861,22,hard_vote,test,0.912,0.8979591836734694,0.88,0.888888888888889
862,23,hard_vote,train,0.924,0.9038461538461539,0.912621359223301,0.9082125603864736
863,23,hard_vote,test,0.9193548387096774,0.875,0.9423076923076923,0.9074074074074073
864,24,hard_vote,train,0.8995983935742972,0.8725490196078431,0.8811881188118812,0.8768472906403942
865,24,hard_vote,test,0.952,0.9285714285714286,0.9629629629629629,0.9454545454545454
866,25,hard_vote,train,0.9236947791164659,0.8921568627450981,0.9191919191919192,0.9054726368159205
867,25,hard_vote,test,0.904,0.8928571428571429,0.8928571428571429,0.8928571428571429
868,26,hard_vote,train,0.928,0.9107142857142857,0.9272727272727272,0.918918918918919
869,26,hard_vote,test,0.8870967741935484,0.8297872340425532,0.8666666666666667,0.8478260869565217
870,27,hard_vote,train,0.9357429718875502,0.9065420560747663,0.941747572815534,0.9238095238095239
871,27,hard_vote,test,0.864,0.8571428571428571,0.8076923076923077,0.8316831683168318
872,28,hard_vote,train,0.9076305220883534,0.89,0.8811881188118812,0.8855721393034827
873,28,hard_vote,test,0.944,0.8852459016393442,1.0,0.9391304347826086
874,29,hard_vote,train,0.912,0.8818181818181818,0.9150943396226415,0.8981481481481483
875,29,hard_vote,test,0.9274193548387096,0.9166666666666666,0.8979591836734694,0.9072164948453607
876,30,hard_vote,train,0.9196787148594378,0.8771929824561403,0.9433962264150944,0.9090909090909091
877,30,hard_vote,test,0.896,0.9285714285714286,0.7959183673469388,0.8571428571428572
878,31,hard_vote,train,0.9036144578313253,0.875,0.8921568627450981,0.883495145631068
879,31,hard_vote,test,0.96,0.9285714285714286,0.9811320754716981,0.9541284403669724
880,32,hard_vote,train,0.936,0.93,0.9117647058823529,0.9207920792079208
881,32,hard_vote,test,0.8951612903225806,0.8333333333333334,0.9433962264150944,0.8849557522123894
882,33,hard_vote,train,0.9116465863453815,0.8828828828828829,0.9158878504672897,0.8990825688073394
883,33,hard_vote,test,0.944,0.9183673469387755,0.9375,0.9278350515463918
884,34,hard_vote,train,0.9196787148594378,0.8990825688073395,0.9158878504672897,0.9074074074074073
885,34,hard_vote,test,0.912,0.8775510204081632,0.8958333333333334,0.8865979381443299
886,35,hard_vote,train,0.928,0.8979591836734694,0.9166666666666666,0.9072164948453607
887,35,hard_vote,test,0.8870967741935484,0.8688524590163934,0.8983050847457628,0.8833333333333333
888,36,hard_vote,train,0.9196787148594378,0.9117647058823529,0.8942307692307693,0.9029126213592232
889,36,hard_vote,test,0.928,0.8620689655172413,0.9803921568627451,0.9174311926605505
890,37,hard_vote,train,0.9196787148594378,0.8715596330275229,0.9405940594059405,0.9047619047619048
891,37,hard_vote,test,0.896,0.9361702127659575,0.8148148148148148,0.8712871287128713
892,38,hard_vote,train,0.92,0.897196261682243,0.9142857142857143,0.9056603773584906
893,38,hard_vote,test,0.9274193548387096,0.8867924528301887,0.94,0.912621359223301
894,39,hard_vote,train,0.9036144578313253,0.8543689320388349,0.9072164948453608,0.88
895,39,hard_vote,test,0.936,0.9464285714285714,0.9137931034482759,0.9298245614035087
896,40,hard_vote,train,0.927710843373494,0.9090909090909091,0.9259259259259259,0.9174311926605504
897,40,hard_vote,test,0.912,0.86,0.9148936170212766,0.8865979381443299
898,41,hard_vote,train,0.924,0.9134615384615384,0.9047619047619048,0.9090909090909091
899,41,hard_vote,test,0.9032258064516129,0.8518518518518519,0.92,0.8846153846153846
900,42,hard_vote,train,0.9036144578313253,0.8785046728971962,0.8952380952380953,0.8867924528301887
901,42,hard_vote,test,0.944,0.9215686274509803,0.94,0.9306930693069307
902,43,hard_vote,train,0.9357429718875502,0.9038461538461539,0.94,0.9215686274509804
903,43,hard_vote,test,0.872,0.8545454545454545,0.8545454545454545,0.8545454545454545
904,44,hard_vote,train,0.912,0.8952380952380953,0.8952380952380953,0.8952380952380953
905,44,hard_vote,test,0.9274193548387096,0.8867924528301887,0.94,0.912621359223301
906,45,hard_vote,train,0.9036144578313253,0.8952380952380953,0.8785046728971962,0.8867924528301887
907,45,hard_vote,test,0.944,0.8867924528301887,0.9791666666666666,0.9306930693069307
908,46,hard_vote,train,0.9116465863453815,0.8796296296296297,0.9134615384615384,0.8962264150943395
909,46,hard_vote,test,0.936,0.9056603773584906,0.9411764705882353,0.923076923076923
910,47,hard_vote,train,0.94,0.9038461538461539,0.9494949494949495,0.9261083743842364
911,47,hard_vote,test,0.8709677419354839,0.8703703703703703,0.8392857142857143,0.8545454545454546
912,48,hard_vote,train,0.9196787148594378,0.8899082568807339,0.9238095238095239,0.9065420560747663
913,48,hard_vote,test,0.912,0.8979591836734694,0.88,0.888888888888889
914,49,hard_vote,train,0.9437751004016064,0.9306930693069307,0.9306930693069307,0.9306930693069307
915,49,hard_vote,test,0.88,0.8305084745762712,0.9074074074074074,0.8672566371681415
916,50,hard_vote,train,0.896,0.8611111111111112,0.8942307692307693,0.8773584905660378
917,50,hard_vote,test,0.9596774193548387,0.96,0.9411764705882353,0.9504950495049505
918,51,hard_vote,train,0.9036144578313253,0.8857142857142857,0.8857142857142857,0.8857142857142857
919,51,hard_vote,test,0.944,0.9056603773584906,0.96,0.9320388349514563
920,52,hard_vote,train,0.927710843373494,0.8942307692307693,0.93,0.911764705882353
921,52,hard_vote,test,0.88,0.8846153846153846,0.8363636363636363,0.8598130841121494
922,53,hard_vote,train,0.92,0.897196261682243,0.9142857142857143,0.9056603773584906
923,53,hard_vote,test,0.9193548387096774,0.8703703703703703,0.94,0.9038461538461539
924,54,hard_vote,train,0.9116465863453815,0.8878504672897196,0.9047619047619048,0.8962264150943396
925,54,hard_vote,test,0.936,0.8888888888888888,0.96,0.923076923076923
926,55,hard_vote,train,0.9437751004016064,0.9238095238095239,0.941747572815534,0.9326923076923078
927,55,hard_vote,test,0.864,0.8301886792452831,0.8461538461538461,0.8380952380952382
928,56,hard_vote,train,0.9,0.8666666666666667,0.8921568627450981,0.8792270531400966
929,56,hard_vote,test,0.9516129032258065,0.9433962264150944,0.9433962264150944,0.9433962264150944
930,57,hard_vote,train,0.9036144578313253,0.8712871287128713,0.8888888888888888,0.88
931,57,hard_vote,test,0.928,0.9272727272727272,0.9107142857142857,0.918918918918919
932,58,hard_vote,train,0.9397590361445783,0.9181818181818182,0.9439252336448598,0.9308755760368663
933,58,hard_vote,test,0.88,0.8235294117647058,0.875,0.8484848484848485
934,59,hard_vote,train,0.924,0.8899082568807339,0.9326923076923077,0.9107981220657276
935,59,hard_vote,test,0.9193548387096774,0.9019607843137255,0.9019607843137255,0.9019607843137255
936,60,hard_vote,train,0.927710843373494,0.9047619047619048,0.9223300970873787,0.9134615384615385
937,60,hard_vote,test,0.88,0.8627450980392157,0.8461538461538461,0.854368932038835
938,61,hard_vote,train,0.9116465863453815,0.8775510204081632,0.8958333333333334,0.8865979381443299
939,61,hard_vote,test,0.928,0.9166666666666666,0.9322033898305084,0.9243697478991596
940,62,hard_vote,train,0.916,0.8947368421052632,0.918918918918919,0.9066666666666667
941,62,hard_vote,test,0.9274193548387096,0.8723404255319149,0.9318181818181818,0.9010989010989012
942,63,hard_vote,train,0.9116465863453815,0.8725490196078431,0.9081632653061225,0.89
943,63,hard_vote,test,0.928,0.9285714285714286,0.9122807017543859,0.9203539823008849
944,64,hard_vote,train,0.9236947791164659,0.9019607843137255,0.9108910891089109,0.9064039408866996
945,64,hard_vote,test,0.912,0.864406779661017,0.9444444444444444,0.9026548672566371
946,65,hard_vote,train,0.924,0.9035087719298246,0.9279279279279279,0.9155555555555556
947,65,hard_vote,test,0.9032258064516129,0.8636363636363636,0.8636363636363636,0.8636363636363636
948,66,hard_vote,train,0.9317269076305221,0.9009009009009009,0.9433962264150944,0.9216589861751152
949,66,hard_vote,test,0.904,0.8775510204081632,0.8775510204081632,0.8775510204081631
950,67,hard_vote,train,0.9156626506024096,0.8969072164948454,0.8877551020408163,0.8923076923076922
951,67,hard_vote,test,0.928,0.875,0.9824561403508771,0.9256198347107438
952,68,hard_vote,train,0.916,0.8828828828828829,0.9245283018867925,0.903225806451613
953,68,hard_vote,test,0.9032258064516129,0.9111111111111111,0.8367346938775511,0.8723404255319148
954,69,hard_vote,train,0.9357429718875502,0.9230769230769231,0.9230769230769231,0.9230769230769231
955,69,hard_vote,test,0.872,0.8181818181818182,0.8823529411764706,0.8490566037735848
956,70,hard_vote,train,0.9236947791164659,0.8952380952380953,0.9215686274509803,0.9082125603864734
957,70,hard_vote,test,0.92,0.8909090909090909,0.9245283018867925,0.9074074074074073
958,71,hard_vote,train,0.9,0.8623853211009175,0.9038461538461539,0.8826291079812206
959,71,hard_vote,test,0.9354838709677419,0.9574468085106383,0.8823529411764706,0.9183673469387754
960,72,hard_vote,train,0.9076305220883534,0.8828828828828829,0.9074074074074074,0.8949771689497718
961,72,hard_vote,test,0.936,0.9148936170212766,0.9148936170212766,0.9148936170212766
962,73,hard_vote,train,0.9357429718875502,0.9108910891089109,0.9292929292929293,0.9199999999999999
963,73,hard_vote,test,0.88,0.8596491228070176,0.875,0.8672566371681416
964,74,hard_vote,train,0.916,0.8867924528301887,0.912621359223301,0.8995215311004785
965,74,hard_vote,test,0.9354838709677419,0.9074074074074074,0.9423076923076923,0.9245283018867925
966,75,hard_vote,train,0.9317269076305221,0.9090909090909091,0.9183673469387755,0.9137055837563451
967,75,hard_vote,test,0.904,0.8688524590163934,0.9298245614035088,0.8983050847457625
968,76,hard_vote,train,0.9196787148594378,0.8888888888888888,0.9230769230769231,0.9056603773584906
969,76,hard_vote,test,0.928,0.9038461538461539,0.9215686274509803,0.9126213592233009
970,77,hard_vote,train,0.912,0.8839285714285714,0.9166666666666666,0.8999999999999999
971,77,hard_vote,test,0.9193548387096774,0.8936170212765957,0.8936170212765957,0.8936170212765957
972,78,hard_vote,train,0.9236947791164659,0.9,0.9252336448598131,0.9124423963133641
973,78,hard_vote,test,0.904,0.875,0.875,0.875
974,79,hard_vote,train,0.9317269076305221,0.9207920792079208,0.9117647058823529,0.9162561576354681
975,79,hard_vote,test,0.904,0.847457627118644,0.9433962264150944,0.8928571428571428
976,80,hard_vote,train,0.904,0.8666666666666667,0.900990099009901,0.8834951456310681
977,80,hard_vote,test,0.9596774193548387,0.9803921568627451,0.9259259259259259,0.9523809523809523
978,81,hard_vote,train,0.8995983935742972,0.8653846153846154,0.8910891089108911,0.878048780487805
979,81,hard_vote,test,0.952,0.9444444444444444,0.9444444444444444,0.9444444444444444
980,82,hard_vote,train,0.927710843373494,0.9158878504672897,0.9158878504672897,0.9158878504672897
981,82,hard_vote,test,0.896,0.8431372549019608,0.8958333333333334,0.8686868686868686
982,83,hard_vote,train,0.928,0.8962264150943396,0.9313725490196079,0.9134615384615385
983,83,hard_vote,test,0.9112903225806451,0.8888888888888888,0.9056603773584906,0.897196261682243
984,84,hard_vote,train,0.9236947791164659,0.897196261682243,0.9230769230769231,0.9099526066350712
985,84,hard_vote,test,0.896,0.8653846153846154,0.8823529411764706,0.8737864077669903
986,85,hard_vote,train,0.9116465863453815,0.8990825688073395,0.8990825688073395,0.8990825688073395
987,85,hard_vote,test,0.944,0.8823529411764706,0.9782608695652174,0.9278350515463919
988,86,hard_vote,train,0.924,0.8823529411764706,0.9278350515463918,0.9045226130653266
989,86,hard_vote,test,0.9032258064516129,0.9107142857142857,0.8793103448275862,0.8947368421052632
990,87,hard_vote,train,0.891566265060241,0.8666666666666667,0.875,0.8708133971291866
991,87,hard_vote,test,0.968,0.9433962264150944,0.9803921568627451,0.9615384615384616
992,88,hard_vote,train,0.927710843373494,0.9065420560747663,0.9238095238095239,0.9150943396226416
993,88,hard_vote,test,0.904,0.8518518518518519,0.92,0.8846153846153846
994,89,hard_vote,train,0.936,0.9047619047619048,0.9405940594059405,0.9223300970873787
995,89,hard_vote,test,0.8790322580645161,0.8679245283018868,0.8518518518518519,0.8598130841121496
996,90,hard_vote,train,0.9236947791164659,0.8888888888888888,0.9320388349514563,0.909952606635071
997,90,hard_vote,test,0.896,0.8823529411764706,0.8653846153846154,0.8737864077669903
998,91,hard_vote,train,0.9116465863453815,0.883495145631068,0.900990099009901,0.8921568627450982
999,91,hard_vote,test,0.944,0.9122807017543859,0.9629629629629629,0.9369369369369369
1000,92,hard_vote,train,0.924,0.9065420560747663,0.9150943396226415,0.9107981220657277
1001,92,hard_vote,test,0.9032258064516129,0.8627450980392157,0.8979591836734694,0.8799999999999999
1002,93,hard_vote,train,0.9116465863453815,0.8761904761904762,0.9108910891089109,0.8932038834951457
1003,93,hard_vote,test,0.928,0.9245283018867925,0.9074074074074074,0.9158878504672898
1004,94,hard_vote,train,0.9236947791164659,0.898989898989899,0.9081632653061225,0.9035532994923858
1005,94,hard_vote,test,0.904,0.8813559322033898,0.9122807017543859,0.8965517241379309
1006,95,hard_vote,train,0.916,0.9017857142857143,0.9099099099099099,0.905829596412556
1007,95,hard_vote,test,0.9193548387096774,0.8695652173913043,0.9090909090909091,0.888888888888889
1008,96,hard_vote,train,0.927710843373494,0.9259259259259259,0.9090909090909091,0.9174311926605504
1009,96,hard_vote,test,0.912,0.8269230769230769,0.9555555555555556,0.88659793814433
1010,97,hard_vote,train,0.9036144578313253,0.8571428571428571,0.8936170212765957,0.875
1011,97,hard_vote,test,0.928,0.9482758620689655,0.9016393442622951,0.9243697478991596
1012,98,hard_vote,train,0.92,0.8909090909090909,0.9245283018867925,0.9074074074074073
1013,98,hard_vote,test,0.9032258064516129,0.8775510204081632,0.8775510204081632,0.8775510204081631
1014,99,hard_vote,train,0.9036144578313253,0.8598130841121495,0.9108910891089109,0.8846153846153846
1015,99,hard_vote,test,0.96,0.9622641509433962,0.9444444444444444,0.9532710280373832
1016,100,hard_vote,train,0.9357429718875502,0.9056603773584906,0.9411764705882353,0.923076923076923
1017,100,hard_vote,test,0.896,0.8703703703703703,0.8867924528301887,0.8785046728971964
1018,101,hard_vote,train,0.924,0.9150943396226415,0.9065420560747663,0.9107981220657277
1019,101,hard_vote,test,0.9032258064516129,0.8461538461538461,0.9166666666666666,0.8799999999999999
